dataset,model,RMSE,MAE,WIS,coverage_80,coverage_95,WIS_vs_seasonal_naive
non-seasonal (clean),ensemble,8.585011892231224,7.265029888443205,3.601824228334893,0.875,1.0,0.8794474627973428
non-seasonal (clean),gradient_boosting,9.572283103173149,8.290248349439029,4.480630172564395,0.6875,1.0,1.0940230803035724
non-seasonal (clean),poisson,10.393873049243073,9.423637661586135,3.4927703356798707,0.875,1.0,0.8528200753615126
non-seasonal (clean),random_forest,9.118706161831645,7.942848663982981,5.02253527347891,0.5833333333333333,1.0,1.22633855042759
non-seasonal (clean),seasonal_naive,8.77350113445096,7.208333333333334,4.095553606895659,1.0,1.0,1.0
realistic (hard),ensemble,38.67049563995931,22.123230941910823,13.594693627917476,0.8503787878787878,1.0,0.634045485015458
realistic (hard),gradient_boosting,42.49737213873421,24.979541986358434,16.06233658531353,0.7878787878787878,1.0,0.7491343512002884
realistic (hard),poisson,38.48907761107935,21.838716589250957,13.850504261430153,0.7859848484848485,0.9772727272727273,0.6459762854907684
realistic (hard),random_forest,37.0451959300399,21.931409753787563,13.63756531052673,0.8712121212121212,0.9564393939393939,0.6360449855218608
realistic (hard),seasonal_naive,59.62879778719161,32.37215909090909,21.441196174728756,0.8712121212121212,0.9791666666666666,1.0
seasonal (clean),ensemble,9.797871337801569,7.999365810854307,4.228846521415377,0.8958333333333333,1.0,0.6299317001334196
seasonal (clean),gradient_boosting,11.726091619241785,9.809865368403123,4.992755021824351,0.8958333333333334,1.0,0.7437240021174454
seasonal (clean),poisson,17.95409861950689,15.392335332113866,6.293632094468496,0.8541666666666666,0.9375,0.9375034882930375
seasonal (clean),random_forest,10.452161459206241,8.54717373123261,4.227913577731616,0.8958333333333333,1.0,0.6297927282417077
seasonal (clean),seasonal_naive,15.956723005878604,11.729166666666668,6.713182588715106,0.8541666666666666,1.0,1.0
