trials,dataset,origin,model,WIS,RMSE,seconds
5,seasonal,2017,poisson,6.260544007485092,17.055066683383025,2.6347062587738037
5,seasonal,2017,random_forest,4.193253117156416,12.003376652213314,15.25023365020752
5,seasonal,2017,gradient_boosting,7.410919023051606,17.792749750233508,8.682780742645264
5,seasonal,2017,seasonal_naive,11.980138888888886,29.332859844663403,0.021301984786987305
5,seasonal,2019,poisson,7.51367550208074,22.333682315123013,2.6947271823883057
5,seasonal,2019,random_forest,3.5454746170533507,10.4901573942873,11.91598653793335
5,seasonal,2019,gradient_boosting,5.070334397051912,14.514593746002713,9.585891246795654
5,seasonal,2019,seasonal_naive,4.844652777777774,12.619429464123963,0.021849632263183594
5,seasonal,2021,poisson,5.76967348588457,17.802072117207803,2.690422534942627
5,seasonal,2021,random_forest,3.316606013922376,8.619885379344467,10.595738649368286
5,seasonal,2021,gradient_boosting,2.7985814466795396,6.015463984174455,8.019054412841797
5,seasonal,2021,seasonal_naive,4.4111921296296295,10.91634859587521,0.020949125289916992
5,non-seasonal,2017,poisson,2.9464731912106625,8.026488569418888,2.2779510021209717
5,non-seasonal,2017,random_forest,3.9015245579558027,7.546814611232539,10.945513248443604
5,non-seasonal,2017,gradient_boosting,4.352752277774573,8.473279780587761,6.484090328216553
5,non-seasonal,2017,seasonal_naive,4.416956018518518,11.89887949906769,0.027994871139526367
5,non-seasonal,2019,poisson,3.3899217468731746,10.255978237451156,2.3954668045043945
5,non-seasonal,2019,random_forest,5.3224046880267775,9.76858727427052,12.613471031188965
5,non-seasonal,2019,gradient_boosting,3.946647228221252,8.899815652377152,7.554876327514648
5,non-seasonal,2019,seasonal_naive,2.635324074074074,6.557438524302,0.021062135696411133
5,non-seasonal,2021,poisson,2.9358316692342155,12.372881258869675,3.5602362155914307
5,non-seasonal,2021,random_forest,5.761670808941267,10.163689643461955,10.606828689575195
5,non-seasonal,2021,gradient_boosting,3.847633083325482,9.795946354168585,8.931867361068726
5,non-seasonal,2021,seasonal_naive,2.686342592592592,7.44983221287567,0.021360158920288086
5,realistic,2017,poisson,6.296755427438616,13.12458478030394,2.4223668575286865
5,realistic,2017,random_forest,4.954020917934095,11.615039448777072,9.678595304489136
5,realistic,2017,gradient_boosting,4.61043294506906,11.224310563385819,6.419365882873535
5,realistic,2017,seasonal_naive,6.9678240740740724,16.455115719232523,0.02274298667907715
5,realistic,2019,poisson,10.187248857301817,17.199654306895404,2.480520486831665
5,realistic,2019,random_forest,21.618468071353224,39.91555077120557,15.750494003295898
5,realistic,2019,gradient_boosting,10.494301994397452,19.149625248926203,7.106692552566528
5,realistic,2019,seasonal_naive,40.92962962962962,98.4915393997542,0.02210688591003418
5,realistic,2021,poisson,12.652345693863511,34.23390443825169,2.6555633544921875
5,realistic,2021,random_forest,12.946472316576257,31.773440601917915,12.00708270072937
5,realistic,2021,gradient_boosting,8.309642602394183,20.14938725577791,7.907141923904419
5,realistic,2021,seasonal_naive,14.192314814814814,41.7662144162799,0.022127866744995117
10,seasonal,2017,poisson,6.532365569757585,17.72771018169082,3.7398672103881836
10,seasonal,2017,random_forest,4.719691347078165,12.806434765146617,12.902371644973755
10,seasonal,2017,gradient_boosting,4.8655993762647265,12.710302099372205,15.646002769470215
10,seasonal,2019,poisson,7.51367550208074,22.333682315123013,3.7260844707489014
10,seasonal,2019,random_forest,4.237051388574595,10.361631634574652,19.897852182388306
10,seasonal,2019,gradient_boosting,5.070334397051912,14.514593746002713,17.472545862197876
10,seasonal,2021,poisson,4.495464206685434,12.171655299343216,3.561149835586548
10,seasonal,2021,random_forest,3.8192386878438955,8.970556905773778,14.09712290763855
10,seasonal,2021,gradient_boosting,2.7985814466795396,6.015463984174455,16.792474508285522
10,non-seasonal,2017,poisson,2.9464731912106625,8.026488569418888,3.183194398880005
10,non-seasonal,2017,random_forest,3.9015245579558027,7.546814611232539,15.129194974899292
10,non-seasonal,2017,gradient_boosting,4.352752277774573,8.473279780587761,13.273781061172485
10,non-seasonal,2019,poisson,3.3899217468731746,10.255978237451156,3.251339912414551
10,non-seasonal,2019,random_forest,5.780796336688511,9.845514509432247,13.833809852600098
10,non-seasonal,2019,gradient_boosting,3.50559785132944,9.05668289262093,16.486413717269897
10,non-seasonal,2021,poisson,2.9358316692342155,12.372881258869675,4.351071357727051
10,non-seasonal,2021,random_forest,5.761670808941267,10.163689643461955,15.474880456924438
10,non-seasonal,2021,gradient_boosting,3.670392788433404,9.335312104699497,21.911264419555664
10,realistic,2017,poisson,6.296755427438616,13.12458478030394,3.512428045272827
10,realistic,2017,random_forest,4.954020917934095,11.615039448777072,14.745375871658325
10,realistic,2017,gradient_boosting,4.61043294506906,11.224310563385819,12.82451057434082
10,realistic,2019,poisson,10.187248857301817,17.199654306895404,3.4925577640533447
10,realistic,2019,random_forest,21.618468071353224,39.91555077120557,19.474311113357544
10,realistic,2019,gradient_boosting,22.96970287133225,48.29080033278086,16.753594636917114
10,realistic,2021,poisson,12.652345693863511,34.23390443825169,3.489482879638672
10,realistic,2021,random_forest,12.07966567039754,28.105114781710146,13.553608655929565
10,realistic,2021,gradient_boosting,8.309642602394183,20.14938725577791,15.854801416397095
30,seasonal,2017,poisson,7.077107180120969,19.274144334950456,5.333298206329346
30,seasonal,2017,random_forest,4.719691347078165,12.806434765146617,32.34399104118347
30,seasonal,2017,gradient_boosting,5.270421644770111,14.201496043011808,34.13479542732239
30,seasonal,2019,poisson,7.5854525126807575,22.70589374341906,5.755499362945557
30,seasonal,2019,random_forest,4.1854396301651215,10.211274809589415,39.62366056442261
30,seasonal,2019,gradient_boosting,3.8264806380373177,12.31179658053661,29.019331216812134
30,seasonal,2021,poisson,4.495464206685434,12.171655299343216,4.451213359832764
30,seasonal,2021,random_forest,3.5079157557410117,9.28253024571744,27.769532442092896
30,seasonal,2021,gradient_boosting,2.8142857823463086,6.397519882745113,28.960480451583862
30,non-seasonal,2017,poisson,2.858329999138889,7.892196008931379,3.7261664867401123
30,non-seasonal,2017,random_forest,4.136234521364678,7.645734503647025,27.621564388275146
30,non-seasonal,2017,gradient_boosting,4.008973215621433,9.03013848316292,22.216737508773804
30,non-seasonal,2019,poisson,3.3523172973066298,10.146380139916237,3.9211535453796387
30,non-seasonal,2019,random_forest,5.780796336688511,9.845514509432247,26.15339970588684
30,non-seasonal,2019,gradient_boosting,3.50559785132944,9.05668289262093,26.158833503723145
30,non-seasonal,2021,poisson,2.9370548490345976,12.418218017598493,11.771305561065674
30,non-seasonal,2021,random_forest,5.42279547506094,9.224934903939548,36.470218896865845
30,non-seasonal,2021,gradient_boosting,3.643254804471558,9.943264317041935,58.74497580528259
30,realistic,2017,poisson,6.332997224407809,12.998359751698194,4.454362630844116
30,realistic,2017,random_forest,4.49896690201011,11.051171978711336,38.58393979072571
30,realistic,2017,gradient_boosting,4.61043294506906,11.224310563385819,24.541439294815063
30,realistic,2019,poisson,10.560207302701093,17.646932508930437,4.276688575744629
30,realistic,2019,random_forest,22.265166530825564,41.042390890730225,41.30646347999573
30,realistic,2019,gradient_boosting,22.718638784491816,48.383426153275174,49.47669291496277
30,realistic,2021,poisson,13.160336383770504,35.255717832358854,4.427676200866699
30,realistic,2021,random_forest,12.07966567039754,28.105114781710146,29.456723928451538
30,realistic,2021,gradient_boosting,8.309642602394183,20.14938725577791,55.87182354927063
80,seasonal,2017,poisson,7.121911607133886,19.336057562370385,9.30546259880066
80,seasonal,2017,random_forest,4.719691347078165,12.806434765146617,111.81462526321411
80,seasonal,2017,gradient_boosting,5.595778318684471,14.45791085436653,92.54926609992981
80,seasonal,2021,poisson,4.606716587669222,12.629616481021365,6.50489354133606
80,seasonal,2021,random_forest,3.449832347816484,8.927419619847665,49.029508113861084
80,seasonal,2021,gradient_boosting,2.877443063771875,6.4948032408309455,58.76444625854492
80,non-seasonal,2017,poisson,2.8575072249932085,7.9135480467634505,5.323632478713989
80,non-seasonal,2017,random_forest,3.974647677482812,7.509266242938535,62.81468629837036
80,non-seasonal,2017,gradient_boosting,3.982448098608955,8.38679587294558,39.51998853683472
80,non-seasonal,2021,poisson,2.936636593088927,12.401744693109556,30.649487733840942
80,non-seasonal,2021,random_forest,5.391753099622844,9.174444233506287,62.5103862285614
80,non-seasonal,2021,gradient_boosting,3.6008956240834067,8.952863894442238,104.23685359954834
80,realistic,2017,poisson,6.349333371474578,13.024889032039546,6.199557065963745
80,realistic,2017,random_forest,4.78239903193503,11.333935423063448,102.62278842926025
80,realistic,2017,gradient_boosting,4.523587029760317,10.975081947575148,50.403310775756836
80,realistic,2021,poisson,13.209735925007259,35.38584393176653,6.72122049331665
80,realistic,2021,random_forest,12.07966567039754,28.105114781710146,60.707536935806274
80,realistic,2021,gradient_boosting,16.529022707098765,37.80752759181304,169.55304050445557
