Dist_States,time,model,scenario,temperature,rainfall,humidity,Nino_anomaly
USA_Baton rouge_LOUISIANA,31-01-2005,ACCESS-ESM1-5,ssp245,29.66036011,347.6965981,0.609613706,0.364318495
USA_Baton rouge_LOUISIANA,31-01-2005,ACCESS-ESM1-5,ssp585,33.2387761,13.21647621,0.681902049,0.210465862
USA_Baton rouge_LOUISIANA,31-01-2005,CESM2,ssp245,38.75798112,102.9968246,0.743403726,0.907871936
USA_Baton rouge_LOUISIANA,31-01-2005,CESM2,ssp585,20.03724843,31.97857922,0.976010816,0.252583115
USA_Baton rouge_LOUISIANA,28-02-2005,ACCESS-ESM1-5,ssp245,30.66437199,298.8885841,0.911724326,0.064867453
USA_Baton rouge_LOUISIANA,28-02-2005,ACCESS-ESM1-5,ssp585,20.01538537,344.1998204,0.943533148,0.244121378
USA_Baton rouge_LOUISIANA,28-02-2005,CESM2,ssp245,26.73777388,191.3192452,0.29731128,0.934177876
USA_Baton rouge_LOUISIANA,28-02-2005,CESM2,ssp585,20.51098252,207.206303,0.801784624,0.393526841
USA_Baton rouge_LOUISIANA,31-03-2005,ACCESS-ESM1-5,ssp245,33.53949976,18.34513222,0.017636401,0.201238862
USA_Baton rouge_LOUISIANA,31-03-2005,ACCESS-ESM1-5,ssp585,28.55121822,230.2862845,0.276115051,0.217110015
USA_Baton rouge_LOUISIANA,31-03-2005,CESM2,ssp245,26.14280132,287.5662832,0.436364448,0.842635955
USA_Baton rouge_LOUISIANA,31-03-2005,CESM2,ssp585,29.13763216,180.2610725,0.825003982,0.048827867
USA_Baton rouge_LOUISIANA,30-04-2005,ACCESS-ESM1-5,ssp245,38.57913849,305.661705,0.457717835,0.949463169
USA_Baton rouge_LOUISIANA,30-04-2005,ACCESS-ESM1-5,ssp585,36.78985548,329.3389372,0.184893325,0.894954356
USA_Baton rouge_LOUISIANA,30-04-2005,CESM2,ssp245,25.56982427,14.8475674,0.431571601,0.968172998
USA_Baton rouge_LOUISIANA,30-04-2005,CESM2,ssp585,25.50593562,206.7370026,0.293663079,0.033189118
USA_Baton rouge_LOUISIANA,31-05-2005,ACCESS-ESM1-5,ssp245,27.05282951,106.6542337,0.942228769,0.969254569
USA_Baton rouge_LOUISIANA,31-05-2005,ACCESS-ESM1-5,ssp585,32.29254407,292.8133285,0.79077472,0.99283862
USA_Baton rouge_LOUISIANA,31-05-2005,CESM2,ssp245,35.12787155,345.8449417,0.947149045,0.074492406
USA_Baton rouge_LOUISIANA,31-05-2005,CESM2,ssp585,20.25051649,76.27811383,0.727852781,0.911886117
USA_Baton rouge_LOUISIANA,30-06-2005,ACCESS-ESM1-5,ssp245,26.38932329,105.272464,0.685592155,0.728457602
USA_Baton rouge_LOUISIANA,30-06-2005,ACCESS-ESM1-5,ssp585,26.80651964,110.5187602,0.31814756,0.624049971
USA_Baton rouge_LOUISIANA,30-06-2005,CESM2,ssp245,36.00952688,75.30667767,0.249319245,0.75933546
USA_Baton rouge_LOUISIANA,30-06-2005,CESM2,ssp585,21.19733355,95.52023559,0.779645802,0.80038959
USA_Baton rouge_LOUISIANA,31-07-2005,ACCESS-ESM1-5,ssp245,27.4102451,263.984596,0.785071905,0.079445123
USA_Baton rouge_LOUISIANA,31-07-2005,ACCESS-ESM1-5,ssp585,36.38985962,253.4703911,0.232691171,0.308564921
USA_Baton rouge_LOUISIANA,31-07-2005,CESM2,ssp245,25.07014957,119.0558556,0.522247671,0.273651315
USA_Baton rouge_LOUISIANA,31-07-2005,CESM2,ssp585,30.65986109,292.269186,0.279987521,0.606791604
USA_Baton rouge_LOUISIANA,31-08-2005,ACCESS-ESM1-5,ssp245,23.41584268,196.8630568,0.842485418,0.77089496
USA_Baton rouge_LOUISIANA,31-08-2005,ACCESS-ESM1-5,ssp585,30.39818688,138.1132504,0.767781153,0.588363239
USA_Baton rouge_LOUISIANA,31-08-2005,CESM2,ssp245,23.01760368,278.7566985,0.294552155,0.619702003
USA_Baton rouge_LOUISIANA,31-08-2005,CESM2,ssp585,21.00792899,255.5540718,0.402438088,0.451052442
USA_Baton rouge_LOUISIANA,30-09-2005,ACCESS-ESM1-5,ssp245,27.2474466,31.51125939,0.218705606,0.44023182
USA_Baton rouge_LOUISIANA,30-09-2005,ACCESS-ESM1-5,ssp585,36.37360426,293.0558119,0.681478164,0.984192756
USA_Baton rouge_LOUISIANA,30-09-2005,CESM2,ssp245,30.94300959,343.7781811,0.013874974,0.87731807
USA_Baton rouge_LOUISIANA,30-09-2005,CESM2,ssp585,28.86464893,116.6375022,0.341421886,0.639182704
USA_Baton rouge_LOUISIANA,31-10-2005,ACCESS-ESM1-5,ssp245,34.5171827,106.7863908,0.775983393,0.392781121
USA_Baton rouge_LOUISIANA,31-10-2005,ACCESS-ESM1-5,ssp585,28.16205175,132.9841646,0.157787985,0.99717081
USA_Baton rouge_LOUISIANA,31-10-2005,CESM2,ssp245,26.31889615,63.92092168,0.572355902,0.211861029
USA_Baton rouge_LOUISIANA,31-10-2005,CESM2,ssp585,21.996657,0.993039577,0.186712129,0.569406955
USA_Baton rouge_LOUISIANA,30-11-2005,ACCESS-ESM1-5,ssp245,31.46421349,185.9700742,0.536118827,0.433569635
USA_Baton rouge_LOUISIANA,30-11-2005,ACCESS-ESM1-5,ssp585,30.25860354,327.0238921,0.870390467,0.522965464
USA_Baton rouge_LOUISIANA,30-11-2005,CESM2,ssp245,23.10774148,79.95573665,0.841099804,0.298124544
USA_Baton rouge_LOUISIANA,30-11-2005,CESM2,ssp585,24.00568794,103.1003283,0.551499874,0.227004676
USA_Baton rouge_LOUISIANA,31-12-2005,ACCESS-ESM1-5,ssp245,35.03423765,4.505674025,0.591369618,0.081606408
USA_Baton rouge_LOUISIANA,31-12-2005,ACCESS-ESM1-5,ssp585,38.44787135,182.9504188,0.250670957,0.302383499
USA_Baton rouge_LOUISIANA,31-12-2005,CESM2,ssp245,34.47930098,7.700336752,0.519275906,0.265265974
USA_Baton rouge_LOUISIANA,31-12-2005,CESM2,ssp585,21.69465749,348.8632502,0.827097932,0.922276868
USA_Baton rouge_LOUISIANA,31-01-2006,ACCESS-ESM1-5,ssp245,22.13347768,242.742833,0.520337271,0.566339526
USA_Baton rouge_LOUISIANA,31-01-2006,ACCESS-ESM1-5,ssp585,34.59859719,233.9670335,0.509199405,0.813322904
USA_Baton rouge_LOUISIANA,31-01-2006,CESM2,ssp245,22.46695885,86.43036115,0.436594312,0.990659762
USA_Baton rouge_LOUISIANA,31-01-2006,CESM2,ssp585,34.34385501,289.183048,0.271348283,0.558952696
USA_Baton rouge_LOUISIANA,28-02-2006,ACCESS-ESM1-5,ssp245,25.86775867,56.73515708,0.652761976,0.299549998
USA_Baton rouge_LOUISIANA,28-02-2006,ACCESS-ESM1-5,ssp585,21.09363664,106.5509179,0.998783399,0.976773708
USA_Baton rouge_LOUISIANA,28-02-2006,CESM2,ssp245,36.03992707,235.6042246,0.265122175,0.291194715
USA_Baton rouge_LOUISIANA,28-02-2006,CESM2,ssp585,27.72178461,99.73902836,0.770685533,0.160848366
USA_Baton rouge_LOUISIANA,31-03-2006,ACCESS-ESM1-5,ssp245,39.11895409,2.620295393,0.502815015,0.451889496
USA_Baton rouge_LOUISIANA,31-03-2006,ACCESS-ESM1-5,ssp585,35.00661872,264.9881954,0.275899553,0.149634861
USA_Baton rouge_LOUISIANA,31-03-2006,CESM2,ssp245,22.05968225,269.86109,0.411461525,0.529352015
USA_Baton rouge_LOUISIANA,31-03-2006,CESM2,ssp585,39.42780327,216.1931644,0.00138329,0.844613906
USA_Baton rouge_LOUISIANA,30-04-2006,ACCESS-ESM1-5,ssp245,34.96142594,284.4142243,0.890095598,0.265381972
USA_Baton rouge_LOUISIANA,30-04-2006,ACCESS-ESM1-5,ssp585,24.27154506,306.8417802,0.815473112,0.791176138
USA_Baton rouge_LOUISIANA,30-04-2006,CESM2,ssp245,23.97057593,338.5692219,0.331662681,0.729593234
USA_Baton rouge_LOUISIANA,30-04-2006,CESM2,ssp585,24.16988865,343.5640378,0.816504613,0.651952094
USA_Baton rouge_LOUISIANA,31-05-2006,ACCESS-ESM1-5,ssp245,21.93653678,248.6773124,0.998465844,0.010935623
USA_Baton rouge_LOUISIANA,31-05-2006,ACCESS-ESM1-5,ssp585,35.54783142,204.9493712,0.071203306,0.951926788
USA_Baton rouge_LOUISIANA,31-05-2006,CESM2,ssp245,27.14457548,267.3502056,0.105977467,0.576947709
USA_Baton rouge_LOUISIANA,31-05-2006,CESM2,ssp585,32.49587104,5.249051024,0.355972776,0.379361949
USA_Baton rouge_LOUISIANA,30-06-2006,ACCESS-ESM1-5,ssp245,39.56949901,164.980919,0.941270572,0.567053926
USA_Baton rouge_LOUISIANA,30-06-2006,ACCESS-ESM1-5,ssp585,35.94186815,269.790842,0.332767109,0.332987306
USA_Baton rouge_LOUISIANA,30-06-2006,CESM2,ssp245,20.71391661,79.97112079,0.97753134,0.524161609
USA_Baton rouge_LOUISIANA,30-06-2006,CESM2,ssp585,30.41237998,157.5983188,0.919928335,0.902637672
USA_Baton rouge_LOUISIANA,31-07-2006,ACCESS-ESM1-5,ssp245,26.17716866,186.2044617,0.327983514,0.483406695
USA_Baton rouge_LOUISIANA,31-07-2006,ACCESS-ESM1-5,ssp585,23.86001379,267.3805184,0.152319773,0.133059177
USA_Baton rouge_LOUISIANA,31-07-2006,CESM2,ssp245,24.66748155,146.6451821,0.10853018,0.94384325
USA_Baton rouge_LOUISIANA,31-07-2006,CESM2,ssp585,21.27406154,66.64877691,0.668690283,0.679347432
USA_Baton rouge_LOUISIANA,31-08-2006,ACCESS-ESM1-5,ssp245,34.96262446,20.76366198,0.809380347,0.722141847
USA_Baton rouge_LOUISIANA,31-08-2006,ACCESS-ESM1-5,ssp585,31.83922707,334.8510257,0.59373332,0.452089406
USA_Baton rouge_LOUISIANA,31-08-2006,CESM2,ssp245,26.54201105,209.1610968,0.617522264,0.458066201
USA_Baton rouge_LOUISIANA,31-08-2006,CESM2,ssp585,28.51235549,11.79920362,0.738597479,0.630173471
USA_Baton rouge_LOUISIANA,30-09-2006,ACCESS-ESM1-5,ssp245,23.44684048,220.5491618,0.368720969,0.713424868
USA_Baton rouge_LOUISIANA,30-09-2006,ACCESS-ESM1-5,ssp585,30.77935196,20.61036494,0.922689487,0.278014195
USA_Baton rouge_LOUISIANA,30-09-2006,CESM2,ssp245,24.38343134,65.14849382,0.408870588,0.81964105
USA_Baton rouge_LOUISIANA,30-09-2006,CESM2,ssp585,28.95737617,99.05713041,0.27083033,0.194721768
USA_Baton rouge_LOUISIANA,31-10-2006,ACCESS-ESM1-5,ssp245,37.40035942,55.32914681,0.853972405,0.796517701
USA_Baton rouge_LOUISIANA,31-10-2006,ACCESS-ESM1-5,ssp585,32.25643188,206.3257226,0.665024162,0.55631437
USA_Baton rouge_LOUISIANA,31-10-2006,CESM2,ssp245,35.15184408,306.0186511,0.473569553,0.440103002
USA_Baton rouge_LOUISIANA,31-10-2006,CESM2,ssp585,26.34591706,21.84299254,0.554506401,0.479858846
USA_Baton rouge_LOUISIANA,30-11-2006,ACCESS-ESM1-5,ssp245,26.52420306,174.5465614,0.150244894,0.820924408
USA_Baton rouge_LOUISIANA,30-11-2006,ACCESS-ESM1-5,ssp585,26.17282079,74.48963482,0.394164192,0.375917513
USA_Baton rouge_LOUISIANA,30-11-2006,CESM2,ssp245,32.58498773,34.19354739,0.88063049,0.010604556
USA_Baton rouge_LOUISIANA,30-11-2006,CESM2,ssp585,34.06005851,217.2079592,0.730870732,0.690446039
USA_Baton rouge_LOUISIANA,31-12-2006,ACCESS-ESM1-5,ssp245,25.96249697,199.1243598,0.495102714,0.272256304
USA_Baton rouge_LOUISIANA,31-12-2006,ACCESS-ESM1-5,ssp585,21.47735145,152.2895816,0.934819602,0.195537016
USA_Baton rouge_LOUISIANA,31-12-2006,CESM2,ssp245,39.89888572,31.75783854,0.595099219,0.280600038
USA_Baton rouge_LOUISIANA,31-12-2006,CESM2,ssp585,24.84544359,290.759667,0.663930234,0.529987166
USA_Baton rouge_LOUISIANA,31-01-2007,ACCESS-ESM1-5,ssp245,25.3826419,3.669618492,0.237296542,0.542029594
USA_Baton rouge_LOUISIANA,31-01-2007,ACCESS-ESM1-5,ssp585,32.38866824,224.4211235,0.781664574,0.490827479
USA_Baton rouge_LOUISIANA,31-01-2007,CESM2,ssp245,34.06726003,199.3303977,0.375351342,0.908799432
USA_Baton rouge_LOUISIANA,31-01-2007,CESM2,ssp585,33.75780571,256.3080293,0.693673027,0.866208719
USA_Baton rouge_LOUISIANA,28-02-2007,ACCESS-ESM1-5,ssp245,34.5824546,332.1410229,0.604534783,0.03406593
USA_Baton rouge_LOUISIANA,28-02-2007,ACCESS-ESM1-5,ssp585,33.57043193,3.062824943,0.082705193,0.080830158
USA_Baton rouge_LOUISIANA,28-02-2007,CESM2,ssp245,36.33819921,318.7884045,0.156142464,0.443855019
USA_Baton rouge_LOUISIANA,28-02-2007,CESM2,ssp585,24.20972491,169.6838732,0.791465531,0.946337996
USA_Baton rouge_LOUISIANA,31-03-2007,ACCESS-ESM1-5,ssp245,26.41596113,305.5956957,0.463757241,0.585761631
USA_Baton rouge_LOUISIANA,31-03-2007,ACCESS-ESM1-5,ssp585,37.39110685,181.3244637,0.76141133,0.337591214
USA_Baton rouge_LOUISIANA,31-03-2007,CESM2,ssp245,37.10928621,23.59433713,0.567273283,0.306471061
USA_Baton rouge_LOUISIANA,31-03-2007,CESM2,ssp585,22.72648382,181.1379493,0.890854656,0.10413927
USA_Baton rouge_LOUISIANA,30-04-2007,ACCESS-ESM1-5,ssp245,23.46265811,248.8819001,0.408349729,0.464067758
USA_Baton rouge_LOUISIANA,30-04-2007,ACCESS-ESM1-5,ssp585,31.70427483,164.1628726,0.078055153,0.743649841
USA_Baton rouge_LOUISIANA,30-04-2007,CESM2,ssp245,33.27675984,199.6749217,0.01872062,0.656563408
USA_Baton rouge_LOUISIANA,30-04-2007,CESM2,ssp585,28.54398681,161.118566,0.64091285,0.584715475
USA_Baton rouge_LOUISIANA,31-05-2007,ACCESS-ESM1-5,ssp245,23.2416157,199.6915886,0.152507604,0.132723727
USA_Baton rouge_LOUISIANA,31-05-2007,ACCESS-ESM1-5,ssp585,36.94266874,196.4601198,0.034437729,0.941879331
USA_Baton rouge_LOUISIANA,31-05-2007,CESM2,ssp245,32.91625046,233.520657,0.894107293,0.721891413
USA_Baton rouge_LOUISIANA,31-05-2007,CESM2,ssp585,37.91845621,178.1167832,0.935873082,0.436700553
USA_Baton rouge_LOUISIANA,30-06-2007,ACCESS-ESM1-5,ssp245,27.71807308,291.5595048,0.423948883,0.292085502
USA_Baton rouge_LOUISIANA,30-06-2007,ACCESS-ESM1-5,ssp585,32.9109364,341.8413809,0.115598527,0.915790582
USA_Baton rouge_LOUISIANA,30-06-2007,CESM2,ssp245,39.26887057,272.0599023,0.064342313,0.699015679
USA_Baton rouge_LOUISIANA,30-06-2007,CESM2,ssp585,25.05479423,174.0107671,0.518550802,0.720841115
USA_Baton rouge_LOUISIANA,31-07-2007,ACCESS-ESM1-5,ssp245,26.20583075,277.6677458,0.610102099,0.749019307
USA_Baton rouge_LOUISIANA,31-07-2007,ACCESS-ESM1-5,ssp585,26.26877882,284.4488185,0.746083812,0.831656644
USA_Baton rouge_LOUISIANA,31-07-2007,CESM2,ssp245,25.57334145,212.4196158,0.03858464,0.312608372
USA_Baton rouge_LOUISIANA,31-07-2007,CESM2,ssp585,22.90107924,286.3906533,0.1527563,0.194738853
USA_Baton rouge_LOUISIANA,31-08-2007,ACCESS-ESM1-5,ssp245,33.25626059,293.526004,0.064093457,0.828664681
USA_Baton rouge_LOUISIANA,31-08-2007,ACCESS-ESM1-5,ssp585,38.52261658,207.632081,0.192647035,0.452474767
USA_Baton rouge_LOUISIANA,31-08-2007,CESM2,ssp245,23.92027122,146.9955146,0.052001796,0.14437204
USA_Baton rouge_LOUISIANA,31-08-2007,CESM2,ssp585,31.07615768,298.3358328,0.094917845,0.433695737
USA_Baton rouge_LOUISIANA,30-09-2007,ACCESS-ESM1-5,ssp245,38.44911843,83.88054862,0.080447616,0.561305688
USA_Baton rouge_LOUISIANA,30-09-2007,ACCESS-ESM1-5,ssp585,31.0021401,71.10372693,0.322960715,0.135059642
USA_Baton rouge_LOUISIANA,30-09-2007,CESM2,ssp245,31.83677392,213.8293028,0.333985278,0.036874608
USA_Baton rouge_LOUISIANA,30-09-2007,CESM2,ssp585,39.03984366,333.0028584,0.724415533,0.127676006
USA_Baton rouge_LOUISIANA,31-10-2007,ACCESS-ESM1-5,ssp245,36.13839615,82.89124453,0.742437156,0.275429604
USA_Baton rouge_LOUISIANA,31-10-2007,ACCESS-ESM1-5,ssp585,36.44628989,11.99955866,0.167701722,0.291646737
USA_Baton rouge_LOUISIANA,31-10-2007,CESM2,ssp245,26.94881163,286.0000541,0.573694374,0.447069206
USA_Baton rouge_LOUISIANA,31-10-2007,CESM2,ssp585,24.28972004,230.247278,0.154890425,0.489159899
USA_Baton rouge_LOUISIANA,30-11-2007,ACCESS-ESM1-5,ssp245,29.22378937,212.7019414,0.164013632,0.376047396
USA_Baton rouge_LOUISIANA,30-11-2007,ACCESS-ESM1-5,ssp585,29.63864911,99.9357148,0.956634025,0.717226527
USA_Baton rouge_LOUISIANA,30-11-2007,CESM2,ssp245,29.73957423,242.419896,0.431822298,0.888019397
USA_Baton rouge_LOUISIANA,30-11-2007,CESM2,ssp585,33.11562182,225.6986598,0.559586689,0.331958706
USA_Baton rouge_LOUISIANA,31-12-2007,ACCESS-ESM1-5,ssp245,20.18659005,47.6923101,0.354518317,0.326146149
USA_Baton rouge_LOUISIANA,31-12-2007,ACCESS-ESM1-5,ssp585,27.40254888,211.6945218,0.179123838,0.966906114
USA_Baton rouge_LOUISIANA,31-12-2007,CESM2,ssp245,38.79329398,328.9628001,0.897545431,0.349314947
USA_Baton rouge_LOUISIANA,31-12-2007,CESM2,ssp585,36.02685399,273.5417579,0.683881043,0.41695489
USA_Baton rouge_LOUISIANA,31-01-2008,ACCESS-ESM1-5,ssp245,32.76445873,32.17088069,0.689161091,0.778618019
USA_Baton rouge_LOUISIANA,31-01-2008,ACCESS-ESM1-5,ssp585,29.9180056,254.5447647,0.866220812,0.056394449
USA_Baton rouge_LOUISIANA,31-01-2008,CESM2,ssp245,29.19301904,313.5155755,0.17412451,0.787673133
USA_Baton rouge_LOUISIANA,31-01-2008,CESM2,ssp585,34.86325474,197.2336309,0.14606214,0.931039252
USA_Baton rouge_LOUISIANA,29-02-2008,ACCESS-ESM1-5,ssp245,25.97695502,194.5834666,0.085572243,0.970842834
USA_Baton rouge_LOUISIANA,29-02-2008,ACCESS-ESM1-5,ssp585,22.66203826,136.8625263,0.865114265,0.765216082
USA_Baton rouge_LOUISIANA,29-02-2008,CESM2,ssp245,28.46927296,312.6780848,0.11567541,0.719387104
USA_Baton rouge_LOUISIANA,29-02-2008,CESM2,ssp585,36.70591632,68.35843542,0.959977311,0.007343158
USA_Baton rouge_LOUISIANA,31-03-2008,ACCESS-ESM1-5,ssp245,31.64057933,207.0745543,0.041019247,0.398049127
USA_Baton rouge_LOUISIANA,31-03-2008,ACCESS-ESM1-5,ssp585,31.6231776,236.5086004,0.837602831,0.727261328
USA_Baton rouge_LOUISIANA,31-03-2008,CESM2,ssp245,35.68915393,158.493187,0.095602133,0.939097245
USA_Baton rouge_LOUISIANA,31-03-2008,CESM2,ssp585,27.5548311,302.1929126,0.846882685,0.690019147
USA_Baton rouge_LOUISIANA,30-04-2008,ACCESS-ESM1-5,ssp245,30.08787963,346.8557375,0.266059766,0.998116839
USA_Baton rouge_LOUISIANA,30-04-2008,ACCESS-ESM1-5,ssp585,37.46936983,25.49065336,0.92563473,0.059825681
USA_Baton rouge_LOUISIANA,30-04-2008,CESM2,ssp245,22.37822827,264.3318379,0.591000757,0.879713066
USA_Baton rouge_LOUISIANA,30-04-2008,CESM2,ssp585,32.62603471,308.017241,0.856974155,0.367770529
USA_Baton rouge_LOUISIANA,31-05-2008,ACCESS-ESM1-5,ssp245,34.06532151,268.3898694,0.552763026,0.660407714
USA_Baton rouge_LOUISIANA,31-05-2008,ACCESS-ESM1-5,ssp585,33.0121181,326.439053,0.005080005,0.095046135
USA_Baton rouge_LOUISIANA,31-05-2008,CESM2,ssp245,27.31080538,105.7210528,0.084700853,0.705149619
USA_Baton rouge_LOUISIANA,31-05-2008,CESM2,ssp585,29.01278968,65.53625005,0.935548268,0.953891336
USA_Baton rouge_LOUISIANA,30-06-2008,ACCESS-ESM1-5,ssp245,21.09486006,334.3723419,0.030317981,0.099536888
USA_Baton rouge_LOUISIANA,30-06-2008,ACCESS-ESM1-5,ssp585,30.07917023,301.1187535,0.495820973,0.459388725
USA_Baton rouge_LOUISIANA,30-06-2008,CESM2,ssp245,37.23307332,18.08632923,0.163192929,0.606332778
USA_Baton rouge_LOUISIANA,30-06-2008,CESM2,ssp585,23.40208567,41.17532976,0.374237066,0.328600065
USA_Baton rouge_LOUISIANA,31-07-2008,ACCESS-ESM1-5,ssp245,24.41556301,23.01872362,0.548309859,0.394031198
USA_Baton rouge_LOUISIANA,31-07-2008,ACCESS-ESM1-5,ssp585,21.49722835,39.73103135,0.659915479,0.057133622
USA_Baton rouge_LOUISIANA,31-07-2008,CESM2,ssp245,39.32022839,165.3526442,0.986013897,0.364781942
USA_Baton rouge_LOUISIANA,31-07-2008,CESM2,ssp585,27.27224669,285.0430759,0.569871169,0.121613584
USA_Baton rouge_LOUISIANA,31-08-2008,ACCESS-ESM1-5,ssp245,36.64861499,26.49360028,0.417367435,0.637779795
USA_Baton rouge_LOUISIANA,31-08-2008,ACCESS-ESM1-5,ssp585,28.11876203,231.25751,0.86650771,0.946846511
USA_Baton rouge_LOUISIANA,31-08-2008,CESM2,ssp245,25.05401435,338.3925876,0.249843456,0.109925797
USA_Baton rouge_LOUISIANA,31-08-2008,CESM2,ssp585,23.34925365,294.823558,0.051588854,0.486556097
USA_Baton rouge_LOUISIANA,30-09-2008,ACCESS-ESM1-5,ssp245,33.45487086,81.05877866,0.779676994,0.255006094
USA_Baton rouge_LOUISIANA,30-09-2008,ACCESS-ESM1-5,ssp585,31.0120099,77.55211268,0.175829316,0.826392911
USA_Baton rouge_LOUISIANA,30-09-2008,CESM2,ssp245,29.43989598,325.6786098,0.191006173,0.87652138
USA_Baton rouge_LOUISIANA,30-09-2008,CESM2,ssp585,38.97495207,193.5585555,0.050585638,0.269796444
USA_Baton rouge_LOUISIANA,31-10-2008,ACCESS-ESM1-5,ssp245,30.24632002,139.519824,0.568756896,0.003095769
USA_Baton rouge_LOUISIANA,31-10-2008,ACCESS-ESM1-5,ssp585,26.56655856,230.5218548,0.410216107,0.47946358
USA_Baton rouge_LOUISIANA,31-10-2008,CESM2,ssp245,34.24134231,241.4767028,0.686813448,0.402461793
USA_Baton rouge_LOUISIANA,31-10-2008,CESM2,ssp585,23.38420881,28.63208098,0.371256517,0.173288417
USA_Baton rouge_LOUISIANA,30-11-2008,ACCESS-ESM1-5,ssp245,26.71363218,171.5896893,0.401754406,0.7064068
USA_Baton rouge_LOUISIANA,30-11-2008,ACCESS-ESM1-5,ssp585,29.08004478,98.88298365,0.61188901,0.545807019
USA_Baton rouge_LOUISIANA,30-11-2008,CESM2,ssp245,22.14613961,89.57250353,0.060545707,0.894742295
USA_Baton rouge_LOUISIANA,30-11-2008,CESM2,ssp585,34.18524823,294.2579144,0.363972701,0.886996327
USA_Baton rouge_LOUISIANA,31-12-2008,ACCESS-ESM1-5,ssp245,24.37920616,269.3944863,0.112985939,0.705989876
USA_Baton rouge_LOUISIANA,31-12-2008,ACCESS-ESM1-5,ssp585,23.96933766,299.5432012,0.183496954,0.654750076
USA_Baton rouge_LOUISIANA,31-12-2008,CESM2,ssp245,26.07460627,232.393809,0.844772636,0.17218621
USA_Baton rouge_LOUISIANA,31-12-2008,CESM2,ssp585,20.89849643,181.1387141,0.994511553,0.842881036
USA_Baton rouge_LOUISIANA,31-01-2009,ACCESS-ESM1-5,ssp245,29.51850486,259.6278102,0.681742395,0.982131629
USA_Baton rouge_LOUISIANA,31-01-2009,ACCESS-ESM1-5,ssp585,35.69101611,252.7871625,0.073937231,0.470292749
USA_Baton rouge_LOUISIANA,31-01-2009,CESM2,ssp245,37.03661207,145.88131,0.472354074,0.802690309
USA_Baton rouge_LOUISIANA,31-01-2009,CESM2,ssp585,29.50221989,200.9145376,0.17315841,0.694128245
USA_Baton rouge_LOUISIANA,28-02-2009,ACCESS-ESM1-5,ssp245,29.67046492,269.3785869,0.471412427,0.092828075
USA_Baton rouge_LOUISIANA,28-02-2009,ACCESS-ESM1-5,ssp585,23.09886169,118.2784711,0.58221893,0.473939784
USA_Baton rouge_LOUISIANA,28-02-2009,CESM2,ssp245,37.73094645,95.91887033,0.322440295,0.718355803
USA_Baton rouge_LOUISIANA,28-02-2009,CESM2,ssp585,20.29723899,78.14873434,0.774585287,0.985942868
USA_Baton rouge_LOUISIANA,31-03-2009,ACCESS-ESM1-5,ssp245,21.66843971,16.39242422,0.85496188,0.814040783
USA_Baton rouge_LOUISIANA,31-03-2009,ACCESS-ESM1-5,ssp585,38.32955904,48.1406006,0.859114475,0.053212907
USA_Baton rouge_LOUISIANA,31-03-2009,CESM2,ssp245,23.38179654,167.5008652,0.281455764,0.649972519
USA_Baton rouge_LOUISIANA,31-03-2009,CESM2,ssp585,31.07406991,277.145023,0.631293662,0.486435979
USA_Baton rouge_LOUISIANA,30-04-2009,ACCESS-ESM1-5,ssp245,37.42203082,66.98774447,0.83754556,0.739014224
USA_Baton rouge_LOUISIANA,30-04-2009,ACCESS-ESM1-5,ssp585,20.63951783,235.6580542,0.803793209,0.933587487
USA_Baton rouge_LOUISIANA,30-04-2009,CESM2,ssp245,30.19741165,331.9297983,0.769790876,0.089200752
USA_Baton rouge_LOUISIANA,30-04-2009,CESM2,ssp585,35.96508158,19.05828446,0.826373859,0.571497398
USA_Baton rouge_LOUISIANA,31-05-2009,ACCESS-ESM1-5,ssp245,36.53778779,18.04081765,0.963549799,0.256186955
USA_Baton rouge_LOUISIANA,31-05-2009,ACCESS-ESM1-5,ssp585,38.75305596,84.57531362,0.837462436,0.068765684
USA_Baton rouge_LOUISIANA,31-05-2009,CESM2,ssp245,20.49322399,281.2898309,0.22529878,0.373303966
USA_Baton rouge_LOUISIANA,31-05-2009,CESM2,ssp585,38.03033149,55.29475704,0.779946724,0.505792112
USA_Baton rouge_LOUISIANA,30-06-2009,ACCESS-ESM1-5,ssp245,21.73566177,227.9102339,0.14782047,0.956706335
USA_Baton rouge_LOUISIANA,30-06-2009,ACCESS-ESM1-5,ssp585,35.49313817,65.08016335,0.670823125,0.714442845
USA_Baton rouge_LOUISIANA,30-06-2009,CESM2,ssp245,38.62735004,125.6291276,0.846996456,0.252688723
USA_Baton rouge_LOUISIANA,30-06-2009,CESM2,ssp585,38.06478397,306.9633659,0.533824755,0.459933171
USA_Baton rouge_LOUISIANA,31-07-2009,ACCESS-ESM1-5,ssp245,32.50661467,301.8530713,0.025651977,0.893360459
USA_Baton rouge_LOUISIANA,31-07-2009,ACCESS-ESM1-5,ssp585,32.74891807,294.5954987,0.28212779,0.601608015
USA_Baton rouge_LOUISIANA,31-07-2009,CESM2,ssp245,23.84108081,46.5799047,0.906409214,0.03782586
USA_Baton rouge_LOUISIANA,31-07-2009,CESM2,ssp585,33.27114846,203.9506774,0.235686862,0.279363493
USA_Baton rouge_LOUISIANA,31-08-2009,ACCESS-ESM1-5,ssp245,27.14354097,26.77183599,0.260434842,0.25935752
USA_Baton rouge_LOUISIANA,31-08-2009,ACCESS-ESM1-5,ssp585,34.63440998,285.8717018,0.021315846,0.292279743
USA_Baton rouge_LOUISIANA,31-08-2009,CESM2,ssp245,31.19060861,156.7014593,0.399095792,0.625227058
USA_Baton rouge_LOUISIANA,31-08-2009,CESM2,ssp585,24.12241842,164.9513089,0.095373801,0.763978579
USA_Baton rouge_LOUISIANA,30-09-2009,ACCESS-ESM1-5,ssp245,26.81818078,41.63196367,0.302633527,0.255751526
USA_Baton rouge_LOUISIANA,30-09-2009,ACCESS-ESM1-5,ssp585,21.25963035,205.3166513,0.550985935,0.903337048
USA_Baton rouge_LOUISIANA,30-09-2009,CESM2,ssp245,22.08247591,52.48508147,0.963560144,0.186269683
USA_Baton rouge_LOUISIANA,30-09-2009,CESM2,ssp585,27.99016361,115.2554125,0.752375922,0.581150848
USA_Baton rouge_LOUISIANA,31-10-2009,ACCESS-ESM1-5,ssp245,23.2969691,26.8708124,0.0718251,0.184741691
USA_Baton rouge_LOUISIANA,31-10-2009,ACCESS-ESM1-5,ssp585,34.74335323,44.83457354,0.610391691,0.330874825
USA_Baton rouge_LOUISIANA,31-10-2009,CESM2,ssp245,32.49336488,13.0205978,0.722629694,0.941386181
USA_Baton rouge_LOUISIANA,31-10-2009,CESM2,ssp585,20.62826615,50.63267501,0.790413197,0.24671766
USA_Baton rouge_LOUISIANA,30-11-2009,ACCESS-ESM1-5,ssp245,23.65469832,177.7235962,0.492203661,0.898393528
USA_Baton rouge_LOUISIANA,30-11-2009,ACCESS-ESM1-5,ssp585,24.32528616,346.3793098,0.878927132,0.428606774
USA_Baton rouge_LOUISIANA,30-11-2009,CESM2,ssp245,25.49588335,244.8149212,0.558398683,0.914626565
USA_Baton rouge_LOUISIANA,30-11-2009,CESM2,ssp585,21.59615669,193.5129559,0.812118747,0.410179016
USA_Baton rouge_LOUISIANA,31-12-2009,ACCESS-ESM1-5,ssp245,24.24361024,333.8681377,0.79610543,0.35423693
USA_Baton rouge_LOUISIANA,31-12-2009,ACCESS-ESM1-5,ssp585,23.57402475,337.0730208,0.301647294,0.998522524
USA_Baton rouge_LOUISIANA,31-12-2009,CESM2,ssp245,31.6508216,237.2868855,0.644358992,0.867842618
USA_Baton rouge_LOUISIANA,31-12-2009,CESM2,ssp585,32.76153639,100.9573472,0.968234473,0.65590494
USA_Baton rouge_LOUISIANA,31-01-2010,ACCESS-ESM1-5,ssp245,29.23087039,19.52602867,0.321683087,0.166636189
USA_Baton rouge_LOUISIANA,31-01-2010,ACCESS-ESM1-5,ssp585,30.41011207,176.6591368,0.888672439,0.422226398
USA_Baton rouge_LOUISIANA,31-01-2010,CESM2,ssp245,27.00260595,245.162596,0.310874131,0.919223627
USA_Baton rouge_LOUISIANA,31-01-2010,CESM2,ssp585,33.94451821,52.37689499,0.629627773,0.539406368
USA_Baton rouge_LOUISIANA,28-02-2010,ACCESS-ESM1-5,ssp245,33.96118937,123.9017408,0.271039451,0.583299409
USA_Baton rouge_LOUISIANA,28-02-2010,ACCESS-ESM1-5,ssp585,33.01956654,162.5111627,0.706127954,0.967829379
USA_Baton rouge_LOUISIANA,28-02-2010,CESM2,ssp245,22.03157664,144.2040944,0.233448509,0.69952551
USA_Baton rouge_LOUISIANA,28-02-2010,CESM2,ssp585,35.58967658,65.83476074,0.349408845,0.026161217
USA_Baton rouge_LOUISIANA,31-03-2010,ACCESS-ESM1-5,ssp245,30.53848034,291.6657355,0.767803161,0.253930517
USA_Baton rouge_LOUISIANA,31-03-2010,ACCESS-ESM1-5,ssp585,38.81546045,166.3822714,0.899829768,0.414523077
USA_Baton rouge_LOUISIANA,31-03-2010,CESM2,ssp245,20.87875611,342.2683735,0.790739713,0.478521013
USA_Baton rouge_LOUISIANA,31-03-2010,CESM2,ssp585,34.12901288,249.4086853,0.75311632,0.302397472
USA_Baton rouge_LOUISIANA,30-04-2010,ACCESS-ESM1-5,ssp245,22.27237383,166.6749075,0.784425058,0.053098978
USA_Baton rouge_LOUISIANA,30-04-2010,ACCESS-ESM1-5,ssp585,28.09244819,103.835687,0.715971647,0.56555222
USA_Baton rouge_LOUISIANA,30-04-2010,CESM2,ssp245,32.4482881,95.34921093,0.496087633,0.902360977
USA_Baton rouge_LOUISIANA,30-04-2010,CESM2,ssp585,37.34129122,176.5150999,0.061352875,0.921081127
USA_Baton rouge_LOUISIANA,31-05-2010,ACCESS-ESM1-5,ssp245,39.01783032,243.0407442,0.995333537,0.747207041
USA_Baton rouge_LOUISIANA,31-05-2010,ACCESS-ESM1-5,ssp585,20.12390746,118.4672041,0.947169309,0.072866397
USA_Baton rouge_LOUISIANA,31-05-2010,CESM2,ssp245,36.31620838,190.6072544,0.218778126,0.743124828
USA_Baton rouge_LOUISIANA,31-05-2010,CESM2,ssp585,36.9289005,131.1752034,0.994873581,0.408291508
USA_Baton rouge_LOUISIANA,30-06-2010,ACCESS-ESM1-5,ssp245,22.73824862,326.6438963,0.898464612,0.846657999
USA_Baton rouge_LOUISIANA,30-06-2010,ACCESS-ESM1-5,ssp585,37.46519115,292.1101637,0.952260645,0.34737665
USA_Baton rouge_LOUISIANA,30-06-2010,CESM2,ssp245,33.59535468,32.73611366,0.930781955,0.482755316
USA_Baton rouge_LOUISIANA,30-06-2010,CESM2,ssp585,27.77661105,337.0335092,0.09496842,0.050043231
USA_Baton rouge_LOUISIANA,31-07-2010,ACCESS-ESM1-5,ssp245,37.69231091,144.5311531,0.248861445,0.768009043
USA_Baton rouge_LOUISIANA,31-07-2010,ACCESS-ESM1-5,ssp585,31.7332432,317.9868361,0.529399984,0.878468713
USA_Baton rouge_LOUISIANA,31-07-2010,CESM2,ssp245,34.72726669,317.9008186,0.562651216,0.827118831
USA_Baton rouge_LOUISIANA,31-07-2010,CESM2,ssp585,27.27894325,61.1620096,0.544998231,0.839000039
USA_Baton rouge_LOUISIANA,31-08-2010,ACCESS-ESM1-5,ssp245,27.92731095,41.85702258,0.312335702,0.278446979
USA_Baton rouge_LOUISIANA,31-08-2010,ACCESS-ESM1-5,ssp585,37.37625224,310.2401666,0.753604066,0.990999468
USA_Baton rouge_LOUISIANA,31-08-2010,CESM2,ssp245,33.33083525,83.70646539,0.27614215,0.019952132
USA_Baton rouge_LOUISIANA,31-08-2010,CESM2,ssp585,33.91617425,328.6333732,0.468292518,0.790890823
USA_Baton rouge_LOUISIANA,30-09-2010,ACCESS-ESM1-5,ssp245,32.81378377,342.689889,0.660548954,0.633725083
USA_Baton rouge_LOUISIANA,30-09-2010,ACCESS-ESM1-5,ssp585,24.34997618,121.5032364,0.326292161,0.005991422
USA_Baton rouge_LOUISIANA,30-09-2010,CESM2,ssp245,24.65676885,285.2781577,0.257465641,0.533918753
USA_Baton rouge_LOUISIANA,30-09-2010,CESM2,ssp585,29.3766249,296.7724206,0.76843886,0.192727425
USA_Baton rouge_LOUISIANA,31-10-2010,ACCESS-ESM1-5,ssp245,37.26146604,94.9686239,0.304307721,0.197942962
USA_Baton rouge_LOUISIANA,31-10-2010,ACCESS-ESM1-5,ssp585,37.09275938,12.28175743,0.19506676,0.67777085
USA_Baton rouge_LOUISIANA,31-10-2010,CESM2,ssp245,20.42617431,194.5671157,0.858215391,0.752792602
USA_Baton rouge_LOUISIANA,31-10-2010,CESM2,ssp585,21.01078005,146.220394,0.964195118,0.251189358
USA_Baton rouge_LOUISIANA,30-11-2010,ACCESS-ESM1-5,ssp245,21.22874811,97.28209385,0.438111443,0.093752576
USA_Baton rouge_LOUISIANA,30-11-2010,ACCESS-ESM1-5,ssp585,21.01617369,294.390486,0.496599766,0.320860929
USA_Baton rouge_LOUISIANA,30-11-2010,CESM2,ssp245,38.025447,212.6759435,0.257430389,0.89518546
USA_Baton rouge_LOUISIANA,30-11-2010,CESM2,ssp585,25.30563924,104.1265058,0.971638243,0.790882307
USA_Baton rouge_LOUISIANA,31-12-2010,ACCESS-ESM1-5,ssp245,28.36235805,291.7983175,0.493357974,0.004748719
USA_Baton rouge_LOUISIANA,31-12-2010,ACCESS-ESM1-5,ssp585,31.45935379,298.9445795,0.422963567,0.030991015
USA_Baton rouge_LOUISIANA,31-12-2010,CESM2,ssp245,20.58839039,250.4735872,0.358060467,0.586741353
USA_Baton rouge_LOUISIANA,31-12-2010,CESM2,ssp585,26.91344872,71.90565713,0.994095528,0.242913717
USA_Baton rouge_LOUISIANA,31-01-2005,ACCESS-ESM1-5,ssp245,28.60408133,142.3762688,0.998369284,0.971438345
USA_Baton rouge_LOUISIANA,31-01-2005,ACCESS-ESM1-5,ssp585,35.35440735,122.8833972,0.24991239,0.600367248
USA_Baton rouge_LOUISIANA,31-01-2005,CESM2,ssp245,24.52927588,258.3439691,0.220173585,0.778401887
USA_Baton rouge_LOUISIANA,31-01-2005,CESM2,ssp585,28.41086944,12.31807819,0.850054968,0.577683005
USA_Baton rouge_LOUISIANA,28-02-2005,ACCESS-ESM1-5,ssp245,34.531728,69.97612032,0.955365978,0.73831354
USA_Baton rouge_LOUISIANA,28-02-2005,ACCESS-ESM1-5,ssp585,29.67619359,58.06560976,0.08042417,0.407357759
USA_Baton rouge_LOUISIANA,28-02-2005,CESM2,ssp245,21.00205321,231.9045743,0.898441339,0.309924075
USA_Baton rouge_LOUISIANA,28-02-2005,CESM2,ssp585,27.4622339,59.13112765,0.784862529,0.31547118
USA_Baton rouge_LOUISIANA,31-03-2005,ACCESS-ESM1-5,ssp245,21.83745401,190.2051724,0.511200953,0.028551428
USA_Baton rouge_LOUISIANA,31-03-2005,ACCESS-ESM1-5,ssp585,32.05603516,206.6362653,0.100382515,0.940232464
USA_Baton rouge_LOUISIANA,31-03-2005,CESM2,ssp245,35.25206813,145.5687921,0.086479635,0.856174442
USA_Baton rouge_LOUISIANA,31-03-2005,CESM2,ssp585,22.49895773,230.6613249,0.005763347,0.937208692
USA_Baton rouge_LOUISIANA,30-04-2005,ACCESS-ESM1-5,ssp245,27.28312027,202.5805776,0.380972116,0.265205278
USA_Baton rouge_LOUISIANA,30-04-2005,ACCESS-ESM1-5,ssp585,20.66572,301.4091984,0.353589779,0.600357759
USA_Baton rouge_LOUISIANA,30-04-2005,CESM2,ssp245,39.47367966,225.4690978,0.976507251,0.185657331
USA_Baton rouge_LOUISIANA,30-04-2005,CESM2,ssp585,22.89925207,244.0447603,0.802014433,0.827884667
USA_Baton rouge_LOUISIANA,31-05-2005,ACCESS-ESM1-5,ssp245,29.822301,289.5031342,0.303574686,0.837061914
USA_Baton rouge_LOUISIANA,31-05-2005,ACCESS-ESM1-5,ssp585,32.95912614,53.31560382,0.73551546,0.10381475
USA_Baton rouge_LOUISIANA,31-05-2005,CESM2,ssp245,38.39992428,346.4658209,0.07682069,0.066093102
USA_Baton rouge_LOUISIANA,31-05-2005,CESM2,ssp585,36.05747406,308.6807761,0.151924102,0.724223654
USA_Baton rouge_LOUISIANA,30-06-2005,ACCESS-ESM1-5,ssp245,24.32755685,306.1718485,0.452550214,0.45232003
USA_Baton rouge_LOUISIANA,30-06-2005,ACCESS-ESM1-5,ssp585,29.64091298,254.3009239,0.64073723,0.342648005
USA_Baton rouge_LOUISIANA,30-06-2005,CESM2,ssp245,21.97801347,327.7551842,0.954137625,0.376799758
USA_Baton rouge_LOUISIANA,30-06-2005,CESM2,ssp585,29.91780145,73.04936417,0.901854613,0.060358304
USA_Baton rouge_LOUISIANA,31-07-2005,ACCESS-ESM1-5,ssp245,35.96144096,60.89920922,0.545183298,0.175568673
USA_Baton rouge_LOUISIANA,31-07-2005,ACCESS-ESM1-5,ssp585,39.2238189,270.6057266,0.107144274,0.671472438
USA_Baton rouge_LOUISIANA,31-07-2005,CESM2,ssp245,37.99285065,94.04563991,0.711603927,0.634511444
USA_Baton rouge_LOUISIANA,31-07-2005,CESM2,ssp585,25.29881863,226.0948484,0.502841848,0.376498935
USA_Baton rouge_LOUISIANA,31-08-2005,ACCESS-ESM1-5,ssp245,23.22689259,328.6888006,0.335166048,0.901642119
USA_Baton rouge_LOUISIANA,31-08-2005,ACCESS-ESM1-5,ssp585,27.78876455,286.7653214,0.921102321,0.686927887
USA_Baton rouge_LOUISIANA,31-08-2005,CESM2,ssp245,23.11326043,155.4417537,0.794702467,0.454096995
USA_Baton rouge_LOUISIANA,31-08-2005,CESM2,ssp585,32.50393275,149.4433018,0.438521992,0.836467673
USA_Baton rouge_LOUISIANA,30-09-2005,ACCESS-ESM1-5,ssp245,39.24938537,128.8800629,0.250461857,0.465430906
USA_Baton rouge_LOUISIANA,30-09-2005,ACCESS-ESM1-5,ssp585,32.13971229,60.7893151,0.68128722,0.763897977
USA_Baton rouge_LOUISIANA,30-09-2005,CESM2,ssp245,30.72969801,273.4950999,0.575865526,0.278975371
USA_Baton rouge_LOUISIANA,30-09-2005,CESM2,ssp585,27.69031322,180.8108375,0.755080033,0.93203043
USA_Baton rouge_LOUISIANA,31-10-2005,ACCESS-ESM1-5,ssp245,30.36586971,270.0621849,0.482456031,0.61496958
USA_Baton rouge_LOUISIANA,31-10-2005,ACCESS-ESM1-5,ssp585,33.67664237,224.151129,0.65032842,0.440116638
USA_Baton rouge_LOUISIANA,31-10-2005,CESM2,ssp245,20.05854887,119.3468676,0.413505938,0.520751912
USA_Baton rouge_LOUISIANA,31-10-2005,CESM2,ssp585,25.10241245,232.0973463,0.8492461,0.466911246
USA_Baton rouge_LOUISIANA,30-11-2005,ACCESS-ESM1-5,ssp245,22.84939507,111.3513538,0.117754704,0.758105271
USA_Baton rouge_LOUISIANA,30-11-2005,ACCESS-ESM1-5,ssp585,28.21156419,348.1453908,0.398935333,0.138621869
USA_Baton rouge_LOUISIANA,30-11-2005,CESM2,ssp245,37.18606566,297.837799,0.640703894,0.830720536
USA_Baton rouge_LOUISIANA,30-11-2005,CESM2,ssp585,29.04402856,124.2251118,0.823648112,0.447412753
USA_Baton rouge_LOUISIANA,31-12-2005,ACCESS-ESM1-5,ssp245,27.05392786,86.4478178,0.105774577,0.432155758
USA_Baton rouge_LOUISIANA,31-12-2005,ACCESS-ESM1-5,ssp585,27.11574546,27.0935185,0.24168099,0.322918578
USA_Baton rouge_LOUISIANA,31-12-2005,CESM2,ssp245,33.69971768,330.2056535,0.322437743,0.603818606
USA_Baton rouge_LOUISIANA,31-12-2005,CESM2,ssp585,33.62470925,152.9308235,0.501155958,0.721875018
USA_Baton rouge_LOUISIANA,31-01-2006,ACCESS-ESM1-5,ssp245,36.44050049,325.8936927,0.254646458,0.340939253
USA_Baton rouge_LOUISIANA,31-01-2006,ACCESS-ESM1-5,ssp585,36.81945819,318.8729531,0.828791022,0.516996878
USA_Baton rouge_LOUISIANA,31-01-2006,CESM2,ssp245,23.27959755,80.23195985,0.69774874,0.031765583
USA_Baton rouge_LOUISIANA,31-01-2006,CESM2,ssp585,29.6558659,208.9258412,0.950951617,0.055197231
USA_Baton rouge_LOUISIANA,28-02-2006,ACCESS-ESM1-5,ssp245,31.20698003,116.5987607,0.157759668,0.07369695
USA_Baton rouge_LOUISIANA,28-02-2006,ACCESS-ESM1-5,ssp585,26.76509164,174.4915134,0.83310104,0.377541471
USA_Baton rouge_LOUISIANA,28-02-2006,CESM2,ssp245,39.08278639,5.135002184,0.267257701,0.561136353
USA_Baton rouge_LOUISIANA,28-02-2006,CESM2,ssp585,23.0822818,26.12180009,0.797126355,0.842929781
USA_Baton rouge_LOUISIANA,31-03-2006,ACCESS-ESM1-5,ssp245,29.97353703,40.41041681,0.206000182,0.15064307
USA_Baton rouge_LOUISIANA,31-03-2006,ACCESS-ESM1-5,ssp585,39.97761471,339.9959015,0.932663143,0.618297753
USA_Baton rouge_LOUISIANA,31-03-2006,CESM2,ssp245,26.25304922,277.6607106,0.502085681,0.082419359
USA_Baton rouge_LOUISIANA,31-03-2006,CESM2,ssp585,26.67192471,193.7801148,0.608822322,0.186937087
USA_Baton rouge_LOUISIANA,30-04-2006,ACCESS-ESM1-5,ssp245,28.82682084,27.50823253,0.01384121,0.055597542
USA_Baton rouge_LOUISIANA,30-04-2006,ACCESS-ESM1-5,ssp585,32.98311086,22.49333738,0.457759042,0.221652961
USA_Baton rouge_LOUISIANA,30-04-2006,CESM2,ssp245,24.60630526,6.000985287,0.964780419,0.697679477
USA_Baton rouge_LOUISIANA,30-04-2006,CESM2,ssp585,24.59944757,103.895341,0.562861773,0.847201844
USA_Baton rouge_LOUISIANA,31-05-2006,ACCESS-ESM1-5,ssp245,39.55488447,253.6378709,0.516921375,0.469902408
USA_Baton rouge_LOUISIANA,31-05-2006,ACCESS-ESM1-5,ssp585,34.42559525,163.5453383,0.193442322,0.449403875
USA_Baton rouge_LOUISIANA,31-05-2006,CESM2,ssp245,34.45092154,238.9035212,0.224394996,0.027699467
USA_Baton rouge_LOUISIANA,31-05-2006,CESM2,ssp585,31.47390239,329.7798464,0.140200834,0.970838541
USA_Baton rouge_LOUISIANA,30-06-2006,ACCESS-ESM1-5,ssp245,24.35263527,281.448767,0.652584279,0.136447373
USA_Baton rouge_LOUISIANA,30-06-2006,ACCESS-ESM1-5,ssp585,23.38811588,77.92341832,0.285549286,0.677828048
USA_Baton rouge_LOUISIANA,30-06-2006,CESM2,ssp245,22.79163429,166.4507806,0.227472352,0.188659247
USA_Baton rouge_LOUISIANA,30-06-2006,CESM2,ssp585,25.82927098,89.16027355,0.453681811,0.805586648
USA_Baton rouge_LOUISIANA,31-07-2006,ACCESS-ESM1-5,ssp245,25.13599774,170.6100661,0.220598901,0.691765375
USA_Baton rouge_LOUISIANA,31-07-2006,ACCESS-ESM1-5,ssp585,30.20162319,196.4494725,0.682844961,0.697847267
USA_Baton rouge_LOUISIANA,31-07-2006,CESM2,ssp245,39.44994496,35.87578909,0.876950923,0.253391591
USA_Baton rouge_LOUISIANA,31-07-2006,CESM2,ssp585,22.87385574,261.814684,0.507356762,0.310883981
USA_Baton rouge_LOUISIANA,31-08-2006,ACCESS-ESM1-5,ssp245,37.4714225,303.7257034,0.489633658,0.693981957
USA_Baton rouge_LOUISIANA,31-08-2006,ACCESS-ESM1-5,ssp585,24.09465756,53.68993125,0.253160067,0.394422847
USA_Baton rouge_LOUISIANA,31-08-2006,CESM2,ssp245,35.43051485,10.29614481,0.674680946,0.101243236
USA_Baton rouge_LOUISIANA,31-08-2006,CESM2,ssp585,34.85138837,349.7391956,0.953312648,0.453839391
USA_Baton rouge_LOUISIANA,30-09-2006,ACCESS-ESM1-5,ssp245,31.67866574,226.3475359,0.383873281,2.93434E-05
USA_Baton rouge_LOUISIANA,30-09-2006,ACCESS-ESM1-5,ssp585,23.86337221,313.313628,0.343748987,0.166601792
USA_Baton rouge_LOUISIANA,30-09-2006,CESM2,ssp245,23.16030727,346.0673605,0.642828608,0.178552354
USA_Baton rouge_LOUISIANA,30-09-2006,CESM2,ssp585,36.44548429,49.96218087,0.067888052,0.472374047
USA_Baton rouge_LOUISIANA,31-10-2006,ACCESS-ESM1-5,ssp245,35.41831114,103.2550767,0.343187199,0.942333962
USA_Baton rouge_LOUISIANA,31-10-2006,ACCESS-ESM1-5,ssp585,25.98962969,236.768496,0.930746361,0.772665315
USA_Baton rouge_LOUISIANA,31-10-2006,CESM2,ssp245,22.97179774,90.29296162,0.082718204,0.474060123
USA_Baton rouge_LOUISIANA,31-10-2006,CESM2,ssp585,24.37024981,249.1692786,0.799141397,0.647345567
USA_Baton rouge_LOUISIANA,30-11-2006,ACCESS-ESM1-5,ssp245,31.65265027,72.87151595,0.103802928,0.775817492
USA_Baton rouge_LOUISIANA,30-11-2006,ACCESS-ESM1-5,ssp585,38.80910269,62.04691349,0.672036151,0.767764406
USA_Baton rouge_LOUISIANA,30-11-2006,CESM2,ssp245,29.88998883,295.0355348,0.596916965,0.284004867
USA_Baton rouge_LOUISIANA,30-11-2006,CESM2,ssp585,32.77536761,136.1083574,0.737868345,0.171012434
USA_Baton rouge_LOUISIANA,31-12-2006,ACCESS-ESM1-5,ssp245,21.02417883,51.57486826,0.904110419,0.650186826
USA_Baton rouge_LOUISIANA,31-12-2006,ACCESS-ESM1-5,ssp585,22.11665277,15.08967922,0.979140769,0.613513778
USA_Baton rouge_LOUISIANA,31-12-2006,CESM2,ssp245,36.63017053,323.9051312,0.704453186,0.47035204
USA_Baton rouge_LOUISIANA,31-12-2006,CESM2,ssp585,28.85695298,73.43483058,0.530211923,0.473131082
USA_Baton rouge_LOUISIANA,31-01-2007,ACCESS-ESM1-5,ssp245,37.58138412,249.0849884,0.45379146,0.518795298
USA_Baton rouge_LOUISIANA,31-01-2007,ACCESS-ESM1-5,ssp585,22.10980679,210.7988328,0.286142529,0.477640602
USA_Baton rouge_LOUISIANA,31-01-2007,CESM2,ssp245,32.23292707,234.6117047,0.146745405,0.951625728
USA_Baton rouge_LOUISIANA,31-01-2007,CESM2,ssp585,25.32770366,209.0640076,0.938047733,0.60647471
USA_Baton rouge_LOUISIANA,28-02-2007,ACCESS-ESM1-5,ssp245,34.68581911,198.3425129,0.120954302,0.149943472
USA_Baton rouge_LOUISIANA,28-02-2007,ACCESS-ESM1-5,ssp585,25.18409019,116.7984207,0.640073056,0.281269841
USA_Baton rouge_LOUISIANA,28-02-2007,CESM2,ssp245,27.6326162,255.2694158,0.443388789,0.267598591
USA_Baton rouge_LOUISIANA,28-02-2007,CESM2,ssp585,33.02125981,266.4679718,0.04654766,0.553207353
USA_Baton rouge_LOUISIANA,31-03-2007,ACCESS-ESM1-5,ssp245,31.39868309,227.3555319,0.215265021,0.720373008
USA_Baton rouge_LOUISIANA,31-03-2007,ACCESS-ESM1-5,ssp585,34.13339784,303.9041602,0.859920962,0.922596495
USA_Baton rouge_LOUISIANA,31-03-2007,CESM2,ssp245,32.1919189,212.1936593,0.581867798,0.902653206
USA_Baton rouge_LOUISIANA,31-03-2007,CESM2,ssp585,20.72529405,109.2865784,0.287077981,0.686692049
USA_Baton rouge_LOUISIANA,30-04-2007,ACCESS-ESM1-5,ssp245,31.56629324,213.5488235,0.30457707,0.738119654
USA_Baton rouge_LOUISIANA,30-04-2007,ACCESS-ESM1-5,ssp585,21.82473202,189.2011268,0.320071734,0.209293899
USA_Baton rouge_LOUISIANA,30-04-2007,CESM2,ssp245,33.35565799,106.7712743,0.204922254,0.687532003
USA_Baton rouge_LOUISIANA,30-04-2007,CESM2,ssp585,37.68069732,175.3551977,0.761914833,0.30835246
USA_Baton rouge_LOUISIANA,31-05-2007,ACCESS-ESM1-5,ssp245,37.96023098,345.041312,0.984887461,0.382364079
USA_Baton rouge_LOUISIANA,31-05-2007,ACCESS-ESM1-5,ssp585,31.3024292,100.8048241,0.008122846,0.913485412
USA_Baton rouge_LOUISIANA,31-05-2007,CESM2,ssp245,32.0642896,324.0575541,0.778365739,0.838891999
USA_Baton rouge_LOUISIANA,31-05-2007,CESM2,ssp585,30.49334695,12.40715496,0.966418904,0.304510952
USA_Baton rouge_LOUISIANA,30-06-2007,ACCESS-ESM1-5,ssp245,34.91012889,277.0420599,0.574712502,0.335075667
USA_Baton rouge_LOUISIANA,30-06-2007,ACCESS-ESM1-5,ssp585,31.83632615,198.8278646,0.177231767,0.993931338
USA_Baton rouge_LOUISIANA,30-06-2007,CESM2,ssp245,28.8615615,153.9157486,0.075214979,0.429357502
USA_Baton rouge_LOUISIANA,30-06-2007,CESM2,ssp585,26.29201649,247.1757701,0.668698859,0.670523664
USA_Baton rouge_LOUISIANA,31-07-2007,ACCESS-ESM1-5,ssp245,35.47910801,333.1949329,0.494674418,0.018856291
USA_Baton rouge_LOUISIANA,31-07-2007,ACCESS-ESM1-5,ssp585,26.66281518,16.47047915,0.573203636,0.469590902
USA_Baton rouge_LOUISIANA,31-07-2007,CESM2,ssp245,20.98451252,97.51344975,0.112043706,0.249866463
USA_Baton rouge_LOUISIANA,31-07-2007,CESM2,ssp585,23.8753652,165.7285416,0.392625707,0.871079284
USA_Baton rouge_LOUISIANA,31-08-2007,ACCESS-ESM1-5,ssp245,38.36233528,105.9737528,0.517328386,0.651767703
USA_Baton rouge_LOUISIANA,31-08-2007,ACCESS-ESM1-5,ssp585,21.41946714,212.3719394,0.704763046,0.902856274
USA_Baton rouge_LOUISIANA,31-08-2007,CESM2,ssp245,28.37085246,83.50867005,0.105939004,0.763625444
USA_Baton rouge_LOUISIANA,31-08-2007,CESM2,ssp585,31.87720925,237.2628502,0.156076962,0.334787036
USA_Baton rouge_LOUISIANA,30-09-2007,ACCESS-ESM1-5,ssp245,35.26812267,125.6280924,0.915300545,0.577138609
USA_Baton rouge_LOUISIANA,30-09-2007,ACCESS-ESM1-5,ssp585,30.42429255,73.1967003,0.488218683,0.165171669
USA_Baton rouge_LOUISIANA,30-09-2007,CESM2,ssp245,39.16168281,309.9317159,0.576215055,0.37841527
USA_Baton rouge_LOUISIANA,30-09-2007,CESM2,ssp585,21.90613893,342.4592008,0.442388731,0.608861474
USA_Baton rouge_LOUISIANA,31-10-2007,ACCESS-ESM1-5,ssp245,35.82983281,345.0590805,0.668687712,0.634890361
USA_Baton rouge_LOUISIANA,31-10-2007,ACCESS-ESM1-5,ssp585,24.72900244,56.08812742,0.902571499,0.808202832
USA_Baton rouge_LOUISIANA,31-10-2007,CESM2,ssp245,33.89765095,147.9592311,0.494543996,0.125112338
USA_Baton rouge_LOUISIANA,31-10-2007,CESM2,ssp585,31.58256088,39.70998851,0.858717774,0.267070872
USA_Baton rouge_LOUISIANA,30-11-2007,ACCESS-ESM1-5,ssp245,29.09659575,320.5287072,0.133531907,0.111293172
USA_Baton rouge_LOUISIANA,30-11-2007,ACCESS-ESM1-5,ssp585,25.89698098,234.5974844,0.500395347,0.318862955
USA_Baton rouge_LOUISIANA,30-11-2007,CESM2,ssp245,21.98131996,228.5420936,0.458357898,0.524052028
USA_Baton rouge_LOUISIANA,30-11-2007,CESM2,ssp585,29.40292449,280.8089874,0.646140096,0.095189569
USA_Baton rouge_LOUISIANA,31-12-2007,ACCESS-ESM1-5,ssp245,35.09951656,140.3131997,0.516016668,0.209208062
USA_Baton rouge_LOUISIANA,31-12-2007,ACCESS-ESM1-5,ssp585,37.03029045,140.1949299,0.535591481,0.95627945
USA_Baton rouge_LOUISIANA,31-12-2007,CESM2,ssp245,33.34825942,3.184496959,0.162237675,0.011603631
USA_Baton rouge_LOUISIANA,31-12-2007,CESM2,ssp585,27.96092877,254.6650183,0.025102907,0.56732237
USA_Baton rouge_LOUISIANA,31-01-2008,ACCESS-ESM1-5,ssp245,38.25603594,197.9418761,0.294957539,0.364716793
USA_Baton rouge_LOUISIANA,31-01-2008,ACCESS-ESM1-5,ssp585,39.00194696,209.8195982,0.151100884,0.440486379
USA_Baton rouge_LOUISIANA,31-01-2008,CESM2,ssp245,35.99684679,182.4136199,0.639567388,0.732482092
USA_Baton rouge_LOUISIANA,31-01-2008,CESM2,ssp585,23.24830273,140.6488759,0.489561607,0.094985118
USA_Baton rouge_LOUISIANA,29-02-2008,ACCESS-ESM1-5,ssp245,38.22414368,69.00102248,0.558239679,0.834085505
USA_Baton rouge_LOUISIANA,29-02-2008,ACCESS-ESM1-5,ssp585,24.87266186,104.2598392,0.251316843,0.079621271
USA_Baton rouge_LOUISIANA,29-02-2008,CESM2,ssp245,39.62325755,300.2716165,0.497339696,0.554826303
USA_Baton rouge_LOUISIANA,29-02-2008,CESM2,ssp585,30.80416394,116.8026123,0.225900277,0.555689556
USA_Baton rouge_LOUISIANA,31-03-2008,ACCESS-ESM1-5,ssp245,25.38861561,302.7989065,0.411435785,0.825466209
USA_Baton rouge_LOUISIANA,31-03-2008,ACCESS-ESM1-5,ssp585,37.52383766,347.5125408,0.753407024,0.047411934
USA_Baton rouge_LOUISIANA,31-03-2008,CESM2,ssp245,35.64652934,308.2698725,0.465869172,0.158401352
USA_Baton rouge_LOUISIANA,31-03-2008,CESM2,ssp585,30.02219811,80.60770347,0.906087712,0.027153654
USA_Baton rouge_LOUISIANA,30-04-2008,ACCESS-ESM1-5,ssp245,26.59070727,214.2963824,0.180087339,0.180470459
USA_Baton rouge_LOUISIANA,30-04-2008,ACCESS-ESM1-5,ssp585,38.23166669,50.90346779,0.519613852,0.649822419
USA_Baton rouge_LOUISIANA,30-04-2008,CESM2,ssp245,24.57539969,173.1786681,0.039983269,0.437158723
USA_Baton rouge_LOUISIANA,30-04-2008,CESM2,ssp585,38.57269046,11.4991478,0.208984151,0.931862737
USA_Baton rouge_LOUISIANA,31-05-2008,ACCESS-ESM1-5,ssp245,26.60593713,190.0316816,0.546579533,0.924481775
USA_Baton rouge_LOUISIANA,31-05-2008,ACCESS-ESM1-5,ssp585,20.28518719,192.0315984,0.347893406,0.069720196
USA_Baton rouge_LOUISIANA,31-05-2008,CESM2,ssp245,36.4444715,111.0463542,0.750736804,0.495838311
USA_Baton rouge_LOUISIANA,31-05-2008,CESM2,ssp585,21.97646951,169.6234091,0.029904905,0.57449692
USA_Baton rouge_LOUISIANA,30-06-2008,ACCESS-ESM1-5,ssp245,35.16025619,92.31121128,0.407044971,0.965573701
USA_Baton rouge_LOUISIANA,30-06-2008,ACCESS-ESM1-5,ssp585,31.88350523,106.8374734,0.369579845,0.678920698
USA_Baton rouge_LOUISIANA,30-06-2008,CESM2,ssp245,30.72602018,311.6721204,0.132893476,0.681123508
USA_Baton rouge_LOUISIANA,30-06-2008,CESM2,ssp585,24.77581218,156.8192261,0.221240701,0.762849458
USA_Baton rouge_LOUISIANA,31-07-2008,ACCESS-ESM1-5,ssp245,27.05005869,307.6288875,0.639835758,0.104986788
USA_Baton rouge_LOUISIANA,31-07-2008,ACCESS-ESM1-5,ssp585,39.46208414,339.1494676,0.445074862,0.444071589
USA_Baton rouge_LOUISIANA,31-07-2008,CESM2,ssp245,36.50591713,185.5453143,0.202100328,0.783655252
USA_Baton rouge_LOUISIANA,31-07-2008,CESM2,ssp585,24.50284686,186.560071,0.323568885,0.469851448
USA_Baton rouge_LOUISIANA,31-08-2008,ACCESS-ESM1-5,ssp245,33.2320343,5.89826839,0.555449148,0.847361121
USA_Baton rouge_LOUISIANA,31-08-2008,ACCESS-ESM1-5,ssp585,38.42063926,185.1511987,0.853896222,0.972487575
USA_Baton rouge_LOUISIANA,31-08-2008,CESM2,ssp245,38.06734874,70.27446973,0.243611498,0.205358702
USA_Baton rouge_LOUISIANA,31-08-2008,CESM2,ssp585,37.50274893,315.0308984,0.725034179,0.442506744
USA_Baton rouge_LOUISIANA,30-09-2008,ACCESS-ESM1-5,ssp245,38.62097385,296.9437178,0.280376732,0.419711506
USA_Baton rouge_LOUISIANA,30-09-2008,ACCESS-ESM1-5,ssp585,35.59328189,337.7962848,0.604634761,0.860996097
USA_Baton rouge_LOUISIANA,30-09-2008,CESM2,ssp245,38.98491915,80.42519824,0.201647743,0.54353015
USA_Baton rouge_LOUISIANA,30-09-2008,CESM2,ssp585,26.83188231,48.76912156,0.914737765,0.747855715
USA_Baton rouge_LOUISIANA,31-10-2008,ACCESS-ESM1-5,ssp245,24.28430907,208.3867447,0.126871604,0.406781138
USA_Baton rouge_LOUISIANA,31-10-2008,ACCESS-ESM1-5,ssp585,20.90155573,57.1366658,0.606291816,0.451732402
USA_Baton rouge_LOUISIANA,31-10-2008,CESM2,ssp245,30.03055019,296.3961189,0.220319202,0.771071699
USA_Baton rouge_LOUISIANA,31-10-2008,CESM2,ssp585,23.80695978,156.066012,0.171175047,0.89026217
USA_Baton rouge_LOUISIANA,30-11-2008,ACCESS-ESM1-5,ssp245,37.17688314,187.3736783,0.546307545,0.875741397
USA_Baton rouge_LOUISIANA,30-11-2008,ACCESS-ESM1-5,ssp585,37.85587218,325.9359368,0.178780926,0.257481293
USA_Baton rouge_LOUISIANA,30-11-2008,CESM2,ssp245,37.52550617,181.4977443,0.051562579,0.49912525
USA_Baton rouge_LOUISIANA,30-11-2008,CESM2,ssp585,34.6889088,134.8815962,0.619419994,0.220230293
USA_Baton rouge_LOUISIANA,31-12-2008,ACCESS-ESM1-5,ssp245,25.93800205,250.2258051,0.388379992,0.612652592
USA_Baton rouge_LOUISIANA,31-12-2008,ACCESS-ESM1-5,ssp585,37.11431375,275.8676696,0.464735493,0.274065937
USA_Baton rouge_LOUISIANA,31-12-2008,CESM2,ssp245,39.87651895,98.80840939,0.672465281,0.024895898
USA_Baton rouge_LOUISIANA,31-12-2008,CESM2,ssp585,20.3853047,213.7023194,0.779063609,0.628641631
USA_Baton rouge_LOUISIANA,31-01-2009,ACCESS-ESM1-5,ssp245,22.71542246,13.6432386,0.343241243,0.605762711
USA_Baton rouge_LOUISIANA,31-01-2009,ACCESS-ESM1-5,ssp585,39.7800326,280.7707189,0.322491595,0.296177656
USA_Baton rouge_LOUISIANA,31-01-2009,CESM2,ssp245,32.32886099,199.7733385,0.513488031,0.876368695
USA_Baton rouge_LOUISIANA,31-01-2009,CESM2,ssp585,34.98634207,334.8637796,0.591017339,0.982116401
USA_Baton rouge_LOUISIANA,28-02-2009,ACCESS-ESM1-5,ssp245,24.3274432,153.7462296,0.940695945,0.577736076
USA_Baton rouge_LOUISIANA,28-02-2009,ACCESS-ESM1-5,ssp585,22.55442269,133.1053482,0.156995196,0.049450187
USA_Baton rouge_LOUISIANA,28-02-2009,CESM2,ssp245,20.75054233,82.50330068,0.693793001,0.133943564
USA_Baton rouge_LOUISIANA,28-02-2009,CESM2,ssp585,34.70076356,249.1256009,0.396828358,0.276752711
USA_Baton rouge_LOUISIANA,31-03-2009,ACCESS-ESM1-5,ssp245,33.62585027,242.291287,0.04280023,0.282475229
USA_Baton rouge_LOUISIANA,31-03-2009,ACCESS-ESM1-5,ssp585,20.15793491,148.6960976,0.939650717,0.808929552
USA_Baton rouge_LOUISIANA,31-03-2009,CESM2,ssp245,25.6478245,106.1616072,0.84752685,0.736889026
USA_Baton rouge_LOUISIANA,31-03-2009,CESM2,ssp585,37.85926812,187.2801988,0.538326317,0.941137382
USA_Baton rouge_LOUISIANA,30-04-2009,ACCESS-ESM1-5,ssp245,23.12083768,322.1226405,0.078127583,0.882816657
USA_Baton rouge_LOUISIANA,30-04-2009,ACCESS-ESM1-5,ssp585,31.84107323,27.31850404,0.450879149,0.701949153
USA_Baton rouge_LOUISIANA,30-04-2009,CESM2,ssp245,34.95715903,11.63463061,0.660958004,0.269931828
USA_Baton rouge_LOUISIANA,30-04-2009,CESM2,ssp585,22.88879269,344.2092232,0.056253156,0.251784647
USA_Baton rouge_LOUISIANA,31-05-2009,ACCESS-ESM1-5,ssp245,20.54061461,165.9244257,0.757497588,0.447124761
USA_Baton rouge_LOUISIANA,31-05-2009,ACCESS-ESM1-5,ssp585,28.18529155,43.70327668,0.825910753,0.804431667
USA_Baton rouge_LOUISIANA,31-05-2009,CESM2,ssp245,30.49539232,165.9274859,0.565369289,0.582919345
USA_Baton rouge_LOUISIANA,31-05-2009,CESM2,ssp585,39.24547039,3.683933469,0.859613618,0.341553241
USA_Baton rouge_LOUISIANA,30-06-2009,ACCESS-ESM1-5,ssp245,36.86588947,233.8907397,0.85372748,0.424247291
USA_Baton rouge_LOUISIANA,30-06-2009,ACCESS-ESM1-5,ssp585,30.43763799,333.61051,0.995838879,0.864074267
USA_Baton rouge_LOUISIANA,30-06-2009,CESM2,ssp245,25.53072842,54.71114164,0.482490477,0.083252604
USA_Baton rouge_LOUISIANA,30-06-2009,CESM2,ssp585,30.26707115,104.7356973,0.792268466,0.484337629
USA_Baton rouge_LOUISIANA,31-07-2009,ACCESS-ESM1-5,ssp245,20.42828806,327.7311693,0.253659633,0.687131111
USA_Baton rouge_LOUISIANA,31-07-2009,ACCESS-ESM1-5,ssp585,33.36172953,226.9919873,0.253240971,0.33797448
USA_Baton rouge_LOUISIANA,31-07-2009,CESM2,ssp245,30.72560659,244.8185645,0.974532378,0.193569955
USA_Baton rouge_LOUISIANA,31-07-2009,CESM2,ssp585,29.93245937,277.3154994,0.725159377,0.704593449
USA_Baton rouge_LOUISIANA,31-08-2009,ACCESS-ESM1-5,ssp245,25.79791703,66.32275958,0.788362351,0.980577357
USA_Baton rouge_LOUISIANA,31-08-2009,ACCESS-ESM1-5,ssp585,31.98604581,70.01169532,0.997212325,0.197655202
USA_Baton rouge_LOUISIANA,31-08-2009,CESM2,ssp245,36.76043776,200.5976531,0.941498645,0.132461619
USA_Baton rouge_LOUISIANA,31-08-2009,CESM2,ssp585,20.29639023,209.4511489,0.890015532,0.442561197
USA_Baton rouge_LOUISIANA,30-09-2009,ACCESS-ESM1-5,ssp245,26.57333334,235.1406878,0.650388285,0.246444604
USA_Baton rouge_LOUISIANA,30-09-2009,ACCESS-ESM1-5,ssp585,39.34196675,227.2856217,0.712485369,0.099070326
USA_Baton rouge_LOUISIANA,30-09-2009,CESM2,ssp245,33.50836079,194.8092862,0.543537699,0.788114421
USA_Baton rouge_LOUISIANA,30-09-2009,CESM2,ssp585,34.44080676,148.3522212,0.801142296,0.365279566
USA_Baton rouge_LOUISIANA,31-10-2009,ACCESS-ESM1-5,ssp245,39.18109921,159.4380832,0.931355526,0.419149301
USA_Baton rouge_LOUISIANA,31-10-2009,ACCESS-ESM1-5,ssp585,36.10595436,218.5771034,0.251836185,0.177283953
USA_Baton rouge_LOUISIANA,31-10-2009,CESM2,ssp245,25.92690439,111.6283206,0.033190766,0.548291152
USA_Baton rouge_LOUISIANA,31-10-2009,CESM2,ssp585,25.54723265,93.37101623,0.542495087,0.333755476
USA_Baton rouge_LOUISIANA,30-11-2009,ACCESS-ESM1-5,ssp245,21.07614784,321.4672146,0.620381031,0.641468656
USA_Baton rouge_LOUISIANA,30-11-2009,ACCESS-ESM1-5,ssp585,27.81757453,14.15570553,0.460153959,0.84774655
USA_Baton rouge_LOUISIANA,30-11-2009,CESM2,ssp245,31.18578706,183.8729308,0.280651233,0.291829334
USA_Baton rouge_LOUISIANA,30-11-2009,CESM2,ssp585,26.61567496,94.91290687,0.331124837,0.001771591
USA_Baton rouge_LOUISIANA,31-12-2009,ACCESS-ESM1-5,ssp245,20.77871314,0.335967615,0.134395617,0.764900343
USA_Baton rouge_LOUISIANA,31-12-2009,ACCESS-ESM1-5,ssp585,36.9562474,257.4981984,0.919921782,0.63092403
USA_Baton rouge_LOUISIANA,31-12-2009,CESM2,ssp245,39.68084385,246.2371449,0.838326055,0.739924416
USA_Baton rouge_LOUISIANA,31-12-2009,CESM2,ssp585,21.46254522,48.96235033,0.676300934,0.809171304
USA_Baton rouge_LOUISIANA,31-01-2010,ACCESS-ESM1-5,ssp245,36.32260847,246.8071662,0.218775538,0.908571148
USA_Baton rouge_LOUISIANA,31-01-2010,ACCESS-ESM1-5,ssp585,26.78479992,109.0889514,0.935164522,0.13451998
USA_Baton rouge_LOUISIANA,31-01-2010,CESM2,ssp245,37.99096166,87.00606553,0.611094189,0.345998531
USA_Baton rouge_LOUISIANA,31-01-2010,CESM2,ssp585,24.26970539,26.8324231,0.127394719,0.772111505
USA_Baton rouge_LOUISIANA,28-02-2010,ACCESS-ESM1-5,ssp245,27.0129941,340.8870173,0.24550387,0.374703577
USA_Baton rouge_LOUISIANA,28-02-2010,ACCESS-ESM1-5,ssp585,20.70126079,224.5748903,0.422812258,0.992839581
USA_Baton rouge_LOUISIANA,28-02-2010,CESM2,ssp245,20.06989885,244.2852471,0.530431808,0.344291624
USA_Baton rouge_LOUISIANA,28-02-2010,CESM2,ssp585,33.87899042,332.2598746,0.568148033,0.219558049
USA_Baton rouge_LOUISIANA,31-03-2010,ACCESS-ESM1-5,ssp245,21.92311107,277.6315813,0.157127814,0.679427731
USA_Baton rouge_LOUISIANA,31-03-2010,ACCESS-ESM1-5,ssp585,26.55140009,283.3401574,0.246563167,0.645146194
USA_Baton rouge_LOUISIANA,31-03-2010,CESM2,ssp245,24.24467183,105.7961536,0.603236553,0.364551826
USA_Baton rouge_LOUISIANA,31-03-2010,CESM2,ssp585,28.94910818,56.60102418,0.315195629,0.246833026
USA_Baton rouge_LOUISIANA,30-04-2010,ACCESS-ESM1-5,ssp245,20.52938484,210.7697899,0.457194942,0.222262311
USA_Baton rouge_LOUISIANA,30-04-2010,ACCESS-ESM1-5,ssp585,21.38921676,128.3150314,0.360653332,0.977915531
USA_Baton rouge_LOUISIANA,30-04-2010,CESM2,ssp245,29.65553372,16.52151989,0.919397569,0.879296656
USA_Baton rouge_LOUISIANA,30-04-2010,CESM2,ssp585,26.37560422,42.76344723,0.885666928,0.724284665
USA_Baton rouge_LOUISIANA,31-05-2010,ACCESS-ESM1-5,ssp245,29.48505714,328.0215779,0.511684268,0.629238557
USA_Baton rouge_LOUISIANA,31-05-2010,ACCESS-ESM1-5,ssp585,28.16177518,65.78999544,0.478482215,0.855568005
USA_Baton rouge_LOUISIANA,31-05-2010,CESM2,ssp245,36.76540863,304.3850767,0.967361373,0.576270183
USA_Baton rouge_LOUISIANA,31-05-2010,CESM2,ssp585,39.0542952,156.6205322,0.84485906,0.567879699
USA_Baton rouge_LOUISIANA,30-06-2010,ACCESS-ESM1-5,ssp245,25.16283553,278.4104794,0.961614516,0.499385505
USA_Baton rouge_LOUISIANA,30-06-2010,ACCESS-ESM1-5,ssp585,32.04012278,270.163005,0.659623682,0.336850964
USA_Baton rouge_LOUISIANA,30-06-2010,CESM2,ssp245,30.86568049,77.30849934,0.412007256,0.879133219
USA_Baton rouge_LOUISIANA,30-06-2010,CESM2,ssp585,25.60509755,174.3093319,0.655671114,0.912222658
USA_Baton rouge_LOUISIANA,31-07-2010,ACCESS-ESM1-5,ssp245,29.27497776,41.06686384,0.375909665,0.37905465
USA_Baton rouge_LOUISIANA,31-07-2010,ACCESS-ESM1-5,ssp585,30.79982597,263.8088254,0.394149929,0.716099329
USA_Baton rouge_LOUISIANA,31-07-2010,CESM2,ssp245,24.35259443,336.772951,0.98195599,0.28483092
USA_Baton rouge_LOUISIANA,31-07-2010,CESM2,ssp585,20.97362251,216.6341767,0.942361752,0.415982837
USA_Baton rouge_LOUISIANA,31-08-2010,ACCESS-ESM1-5,ssp245,31.85261965,64.16406786,0.012491755,0.796354533
USA_Baton rouge_LOUISIANA,31-08-2010,ACCESS-ESM1-5,ssp585,25.60311314,263.6348793,0.328693329,0.508261413
USA_Baton rouge_LOUISIANA,31-08-2010,CESM2,ssp245,26.84457062,257.5402437,0.024974649,0.473433213
USA_Baton rouge_LOUISIANA,31-08-2010,CESM2,ssp585,25.1376322,79.44103965,0.768749113,0.122947274
USA_Baton rouge_LOUISIANA,30-09-2010,ACCESS-ESM1-5,ssp245,34.70759819,129.9562316,0.25404994,0.916188009
USA_Baton rouge_LOUISIANA,30-09-2010,ACCESS-ESM1-5,ssp585,22.46907252,325.1663465,0.279879025,0.249327645
USA_Baton rouge_LOUISIANA,30-09-2010,CESM2,ssp245,20.55363021,50.18935841,0.369914093,0.087013441
USA_Baton rouge_LOUISIANA,30-09-2010,CESM2,ssp585,20.81078619,324.9040176,0.472947861,0.0736087
USA_Baton rouge_LOUISIANA,31-10-2010,ACCESS-ESM1-5,ssp245,23.80239392,149.3638669,0.43116276,0.025678226
USA_Baton rouge_LOUISIANA,31-10-2010,ACCESS-ESM1-5,ssp585,21.22684956,290.0899306,0.958394749,0.493791288
USA_Baton rouge_LOUISIANA,31-10-2010,CESM2,ssp245,21.18762014,93.8286445,0.095986047,0.102580552
USA_Baton rouge_LOUISIANA,31-10-2010,CESM2,ssp585,32.7703997,173.4569222,0.519618707,0.700753222
USA_Baton rouge_LOUISIANA,30-11-2010,ACCESS-ESM1-5,ssp245,36.86937167,211.4750138,0.131086878,0.080772824
USA_Baton rouge_LOUISIANA,30-11-2010,ACCESS-ESM1-5,ssp585,31.05836383,184.2427762,0.567839277,0.145229078
USA_Baton rouge_LOUISIANA,30-11-2010,CESM2,ssp245,21.88202916,180.1775824,0.070189494,0.584534682
USA_Baton rouge_LOUISIANA,30-11-2010,CESM2,ssp585,23.87133743,156.5393788,0.180101796,0.478952927
USA_Baton rouge_LOUISIANA,31-12-2010,ACCESS-ESM1-5,ssp245,39.50735328,19.03581395,0.817121263,0.781053482
USA_Baton rouge_LOUISIANA,31-12-2010,ACCESS-ESM1-5,ssp585,22.7196927,36.91971647,0.20151432,0.019871117
USA_Baton rouge_LOUISIANA,31-12-2010,CESM2,ssp245,38.9114837,66.54487503,0.593960042,0.151702787
USA_Baton rouge_LOUISIANA,31-12-2010,CESM2,ssp585,34.87785523,52.23844867,0.412003679,0.464506041
