model,n,RMSE,MAE,WIS,coverage_50,coverage_80,coverage_95,dataset,origin
seasonal_naive,12,29.332859844663403,19.916666666666668,10.975308718178688,0.5,0.75,1.0,seasonal (clean),2017
poisson,12,21.49532361574435,19.402840458122103,8.453056335393248,0.16666666666666666,0.9166666666666666,1.0,seasonal (clean),2017
random_forest,12,12.806434765146617,10.744898625039932,5.069919527448819,0.3333333333333333,0.9166666666666666,1.0,seasonal (clean),2017
gradient_boosting,12,17.792749750233508,15.926910265081498,6.8760255832978485,0.16666666666666666,0.8333333333333334,1.0,seasonal (clean),2017
sarimax,12,13.243625231860216,9.59146189616355,5.071808621462888,0.6666666666666666,0.9166666666666666,1.0,seasonal (clean),2017
ensemble,12,12.988087172003123,11.046321838716844,5.20093178867711,0.3333333333333333,0.75,1.0,seasonal (clean),2017
seasonal_naive,12,10.95825411885184,9.25,5.876204295549855,0.6666666666666666,1.0,1.0,seasonal (clean),2018
poisson,12,17.70005996456821,14.654924279298967,5.792053131293078,0.5833333333333334,1.0,1.0,seasonal (clean),2018
random_forest,12,7.630899662069955,5.725433231603699,3.5330299954829,0.5833333333333334,0.9166666666666666,1.0,seasonal (clean),2018
gradient_boosting,12,8.462634719589872,6.864807837700808,4.032731941050514,0.8333333333333334,1.0,1.0,seasonal (clean),2018
sarimax,12,8.217884414741217,6.978606495745371,3.7114867265442597,0.4166666666666667,1.0,1.0,seasonal (clean),2018
ensemble,12,5.976169587796783,4.425383129915205,3.409785939939988,0.8333333333333334,1.0,1.0,seasonal (clean),2018
seasonal_naive,12,12.619429464123963,9.416666666666666,5.102428482158479,0.5,0.75,1.0,seasonal (clean),2019
poisson,12,11.443689257529087,9.694786322494265,4.244143854918653,0.3333333333333333,0.9166666666666666,1.0,seasonal (clean),2019
random_forest,12,12.09043964186614,10.162286493086844,4.4386929340240675,0.4166666666666667,0.8333333333333334,1.0,seasonal (clean),2019
gradient_boosting,12,12.901746293795542,9.9971460216479,5.449206165976236,0.4166666666666667,0.75,1.0,seasonal (clean),2019
sarimax,12,7.128072699729076,5.666138147600649,3.8483268375696187,0.8333333333333334,1.0,1.0,seasonal (clean),2019
ensemble,12,10.721410304544186,8.78709972544651,4.0639874198561765,0.3333333333333333,0.75,1.0,seasonal (clean),2019
seasonal_naive,12,10.91634859587521,8.333333333333334,4.8987888589734,0.5833333333333334,0.9166666666666666,1.0,seasonal (clean),2021
poisson,12,18.088513221329702,16.48428570278826,5.540910304698181,0.3333333333333333,0.8333333333333334,1.0,seasonal (clean),2021
random_forest,12,9.280871767742255,7.556076575199964,3.8700118539706807,0.5833333333333334,0.9166666666666666,1.0,seasonal (clean),2021
gradient_boosting,12,7.747235713348218,6.450597349182289,3.6130563969728047,0.9166666666666666,1.0,1.0,seasonal (clean),2021
sarimax,12,9.306794510292088,7.221449924157821,4.339688295492919,0.5833333333333334,1.0,1.0,seasonal (clean),2021
ensemble,12,6.530927605525636,5.318574705902113,3.413784329026182,0.75,0.9166666666666666,1.0,seasonal (clean),2021
seasonal_naive,12,11.89887949906769,9.583333333333334,5.144946044886351,0.6666666666666666,1.0,1.0,non-seasonal (clean),2017
poisson,12,8.026488569418888,6.850844851762077,3.102793048493884,0.75,0.9166666666666666,1.0,non-seasonal (clean),2017
random_forest,12,7.546814611232539,6.550898023557902,3.9510406750106246,0.3333333333333333,0.75,1.0,non-seasonal (clean),2017
gradient_boosting,12,8.473279780587761,7.372849390738938,4.163748832466708,0.08333333333333333,0.6666666666666666,1.0,non-seasonal (clean),2017
sarimax,12,8.56074229683696,6.906743384384893,3.5656094990624307,0.5,0.75,1.0,non-seasonal (clean),2017
ensemble,12,8.047644013990006,6.840197684118139,3.6504166928876796,0.3333333333333333,0.9166666666666666,1.0,non-seasonal (clean),2017
seasonal_naive,12,9.187854301558481,7.416666666666667,4.48126403052814,0.9166666666666666,1.0,1.0,non-seasonal (clean),2018
poisson,12,10.531955968519966,9.449851798301074,3.3834142876239564,0.25,0.9166666666666666,1.0,non-seasonal (clean),2018
random_forest,12,10.275666856879981,9.142659385423544,5.581806277442091,0.16666666666666666,0.25,1.0,non-seasonal (clean),2018
gradient_boosting,12,11.606370675787689,10.658045177421663,5.6735490427931365,0.16666666666666666,0.4166666666666667,1.0,non-seasonal (clean),2018
sarimax,12,4.107271680622355,3.425677491700417,2.079479604294211,0.5833333333333334,1.0,1.0,non-seasonal (clean),2018
ensemble,12,10.201797825955477,9.085898479405413,3.7338157820406397,0.5833333333333334,1.0,1.0,non-seasonal (clean),2018
seasonal_naive,12,6.557438524302,5.833333333333333,3.373938964180858,0.9166666666666666,1.0,1.0,non-seasonal (clean),2019
poisson,12,10.255978237451156,8.84288356581669,3.5197691609698096,0.6666666666666666,0.9166666666666666,1.0,non-seasonal (clean),2019
random_forest,12,9.845514509432247,8.4204183396785,5.801920935004187,0.3333333333333333,0.6666666666666666,1.0,non-seasonal (clean),2019
gradient_boosting,12,9.05668289262093,7.471782294047338,3.8451777685692115,0.6666666666666666,1.0,1.0,non-seasonal (clean),2019
sarimax,12,3.913161370708858,3.373353673842642,1.7670732535730738,0.6666666666666666,1.0,1.0,non-seasonal (clean),2019
ensemble,12,8.482246113201226,7.02056152296525,3.037648731443902,0.6666666666666666,0.9166666666666666,1.0,non-seasonal (clean),2019
seasonal_naive,12,7.44983221287567,6.0,3.3820653879872853,0.9166666666666666,1.0,1.0,non-seasonal (clean),2021
poisson,12,16.669836197507912,13.563816907339719,7.025924631501737,0.3333333333333333,0.5833333333333334,1.0,non-seasonal (clean),2021
random_forest,12,8.806828669781813,7.657418907271977,4.755373206458737,0.5833333333333334,0.6666666666666666,1.0,non-seasonal (clean),2021
gradient_boosting,12,9.152799063696213,7.658316535548174,4.240045046428524,0.3333333333333333,0.6666666666666666,1.0,non-seasonal (clean),2021
sarimax,12,3.80025173493807,3.1287091779830978,2.041048241620979,0.9166666666666666,1.0,1.0,non-seasonal (clean),2021
ensemble,12,7.581542579012944,6.310986801735544,3.711038458867666,0.5,0.8333333333333334,1.0,non-seasonal (clean),2021
seasonal_naive,12,16.455115719232523,13.791666666666666,11.322470502261723,0.6666666666666666,1.0,1.0,realistic (hard),2017
poisson,12,13.12458478030394,10.029525016410554,8.299702701770638,0.6666666666666666,1.0,1.0,realistic (hard),2017
random_forest,12,11.151956725199302,9.78065783779185,6.8468167103324395,0.9166666666666666,1.0,1.0,realistic (hard),2017
gradient_boosting,12,11.224310563385819,9.80377816454968,7.975427929028374,0.6666666666666666,1.0,1.0,realistic (hard),2017
sarimax,12,18.964485608589733,14.924122372605561,7.753177074907,0.5,1.0,1.0,realistic (hard),2017
ensemble,12,9.11775715884593,7.52756208604653,6.687400559303879,0.9166666666666666,1.0,1.0,realistic (hard),2017
seasonal_naive,11,81.80631227034212,39.36363636363637,25.456383161361465,0.7272727272727273,0.8181818181818182,1.0,realistic (hard),2018
poisson,11,85.92976321774238,38.66365523180525,26.098832519293595,0.8181818181818182,0.8181818181818182,0.9090909090909091,realistic (hard),2018
random_forest,11,76.15413561481394,35.00424990524562,25.379880100372826,0.6363636363636364,0.8181818181818182,0.9090909090909091,realistic (hard),2018
gradient_boosting,11,83.70713644690484,40.34447730605371,26.580556947042464,0.45454545454545453,0.8181818181818182,1.0,realistic (hard),2018
sarimax,11,94.98377391019092,52.807560933311144,29.80232223460349,0.2727272727272727,0.36363636363636365,0.9090909090909091,realistic (hard),2018
ensemble,11,83.71626167569866,39.73554847745123,24.692592706414995,0.5454545454545454,0.8181818181818182,1.0,realistic (hard),2018
seasonal_naive,12,98.4915393997542,53.083333333333336,35.53270481893621,0.25,0.75,0.9166666666666666,realistic (hard),2019
poisson,12,17.199654306895404,14.444454867360294,8.599664624091506,0.5833333333333334,0.8333333333333334,1.0,realistic (hard),2019
random_forest,12,31.24009778580814,24.065067433659532,11.969237526913256,0.4166666666666667,0.75,1.0,realistic (hard),2019
gradient_boosting,12,31.073715023573893,23.8203239604585,12.7941660406669,0.16666666666666666,0.5833333333333334,1.0,realistic (hard),2019
sarimax,12,76.61377899420151,47.33953015428032,24.044589852793333,0.25,0.75,1.0,realistic (hard),2019
ensemble,12,31.545012734395534,23.90585519142155,12.189556996167822,0.5,0.75,1.0,realistic (hard),2019
seasonal_naive,12,41.76222375943759,23.25,13.45322621635563,0.4166666666666667,0.9166666666666666,1.0,realistic (hard),2021
poisson,12,33.183018167026724,16.48811966999275,11.17338860344259,0.8333333333333334,0.8333333333333334,1.0,realistic (hard),2021
random_forest,12,29.634593594338224,18.875663838453253,10.354326904488396,0.5,0.9166666666666666,0.9166666666666666,realistic (hard),2021
gradient_boosting,12,43.98432652107228,25.949588514371843,16.899195424516396,0.4166666666666667,0.75,1.0,realistic (hard),2021
sarimax,12,40.962176013902024,20.900784939715837,10.191190500588883,0.4166666666666667,0.75,1.0,realistic (hard),2021
ensemble,12,33.28704829286851,16.785224083900925,10.176832739116058,0.5833333333333334,0.8333333333333334,1.0,realistic (hard),2021
